"ok","sim","não precisa",45,"Exposta",,,"Candomblé","https://lh3.googleusercontent.com/o76vtUs5ktLDJn2VIlcc35o7Ngx_se8Sv5hkylcm7fQ=w1192-h785-no","Evandro Teixeira","Coleção do artista","Passagem de ano no Jardim de Alá  ","Praia de Ipanema, Rio de Janeiro, 1992",,"Fotografia / processo gelatina ","30,5 x 40,7 cm (medida da foto existente)",1000,,,,"OK finalizado","Em exposição",,,,,,,,,,,,,,
"ok",,,46,"Exposta","DSCF2206",,"Candomblé","https://lh3.googleusercontent.com/aqAfXW4l6_UsY_pVJ1defpDuhHSyYjQEiA9KIL3LLWk=w513-h323-no","Evandro Teixeira","Coleção do artista","Baiana na passagem do ano em Copacabana","Copacabana, Rio de Janeiro, 2014",,"Inkjet print. Pigmento mineral sobre papel","30 x 40 cm ",400,,,,"ok finalizado","Em exposição",,,,,,,,,,,,,,
"ok",,,161,"Exposta","Ev015",,"Candomblé","https://lh3.googleusercontent.com/-ofMlSqMmj0A/Vfcwg6_AQeI/AAAAAAAACLU/TI4sg9n_cSs/w506-h335/iemanj%25C3%25A1.jpg","Evandro Teixeira","Coleção do artista","Iemanjá na praia","Ipanema, Rio de Janeiro, 2014",,"Inkjet print. Pigmento mineral sobre papel","30 x 40 cm ",400,,,,"ok finalizado","Em exposição",,,,,,,,,,,,,,
"pendente","sim","não precisa",101,"Exposta",,,"Canudos ","https://lh4.googleusercontent.com/-TTKcoY4sz1s/VcjGF4thP9I/AAAAAAAANlE/zwptQgeXkmE/w945-h709-no/IMG_9455.JPG","Evandro Teixeira","Coleção MAR, Fundo Evandro Teixeira","Planta macambira, da série ""Canudos 100 anos""","Canudos, Bahia, 1996",,"Fotografia / processo gelatina ","20 x 30 cm",1500,"MAR.2015.005320","Col. MAR - Fundo Evandro Teixeira",,"ok finalizado","Em exposição",,,,,,,,,,,,,,
"pendente","sim",,102,"Exposta",,,"Canudos ","https://lh4.googleusercontent.com/-dMeu6jWk4FM/VcjGJIHWxeI/AAAAAAAANmY/NZCRJNRenQc/w945-h709-no/IMG_9460.jpg","Evandro Teixeira","Coleção MAR, Fundo Evandro Teixeira","Dona Joana Ciriaco com facão na mão, da série ""Canudos 100 anos""","Canudos, Bahia, 1996",,"Fotografia / processo gelatina ","20 x 30 cm",1500,"MAR.2015.005325","Col. MAR - Fundo Evandro Teixeira",,"ok finalizado","Em exposição",,,,,,,,,,,,,,
"pendente","sim",,103,"Exposta",,,"Canudos ","https://lh4.googleusercontent.com/-vZN9TtMcGXA/VcjFKoNr8_I/AAAAAAAANeo/3mpD-wrUb9I/w945-h709-no/IMG_9403%2B%25281%2529.JPG","Evandro Teixeira","Coleção MAR, Fundo Evandro Teixeira","Caminhada em busca de água, da série ""Canudos 100 anos""","Canudos, Bahia, 1996",,"Fotografia / processo gelatina ","20 x 30 cm",1500,"MAR.2015.005271","Col. MAR - Fundo Evandro Teixeira",,"ok finalizado","Em exposição",,,,,,,,,,,,,,
"pendente","sim",,104,"Exposta",,,"Canudos ","https://lh4.googleusercontent.com/-WEMxPzwD68A/VcjEm6FD6zI/AAAAAAAANbo/htaRLZIkDEI/w945-h709-no/IMG_9378.JPG","Evandro Teixeira","Coleção MAR, Fundo Evandro Teixeira","Cabras, da série ""Canudos 100 anos""","Canudos, Bahia, 1996",,"Fotografia / processo gelatina ","20 x 30 cm",1500,"MAR.2015.005247","Col. MAR - Fundo Evandro Teixeira",,"ok finalizado","Em exposição",,,,,,,,,,,,,,
"pendente","sim",,105,"Exposta",,,"Canudos ","https://lh4.googleusercontent.com/-ohsSkJ_Q35E/VcjE5gvU7cI/AAAAAAAANc0/O8um3WDM2Uo/w945-h709-no/IMG_9386%2B%25281%2529.JPG","Evandro Teixeira","Coleção MAR, Fundo Evandro Teixeira","Casebre e senhora, da série ""Canudos 100 anos""","Canudos, Bahia, 1996",,"Fotografia / processo gelatina ","20 x 30 cm",1500,"MAR.2015.005255","Col. MAR - Fundo Evandro Teixeira",,"ok finalizado","Em exposição",,,,,,,,,,,,,,
"pendente","sim",,106,"Exposta",,,"Canudos ","https://lh4.googleusercontent.com/-pkrBc7l9wuQ/VcjFrfsPjnI/AAAAAAAANiA/stfGLlTmleE/w945-h709-no/IMG_9432.JPG","Evandro Teixeira","Coleção MAR, Fundo Evandro Teixeira","Casebre e árvore, da série ""Canudos 100 anos""","Canudos, Bahia, 1996",,"Fotografia / processo gelatina ","20 x 30 cm",1500,"MAR.2015.005297","Col. MAR - Fundo Evandro Teixeira",,"ok impresso",,,,,,,,,,,,,,,
"pendente","sim",,107,"Exposta",,,"Canudos ","https://lh4.googleusercontent.com/-vSGaXPpc7Fc/VcjGdGVehPI/AAAAAAAANtQ/M1pt2NxdiyQ/w945-h709-no/IMG_9488.JPG","Evandro Teixeira","Coleção MAR, Fundo Evandro Teixeira","Senhor e criança puxando bodes, da série ""Canudos 100 anos""","Canudos, Bahia, 1996",,"Fotografia / processo gelatina ","20 x 30 cm ",1500,"MAR.2015.005352","Col. MAR - Fundo Evandro Teixeira",,"ok finalizado","Em exposição",,,,,,,,,,,,,,
"pendente","sim",,108,"Exposta",,,"Canudos ","https://lh4.googleusercontent.com/-PmISy6AKolY/VcjGUZT8veI/AAAAAAAANqc/Yp4x4SCxUzw/w945-h709-no/IMG_9473.JPG","Evandro Teixeira","Coleção MAR, Fundo Evandro Teixeira","Cemitério de bois, da série ""Canudos 100 anos""","Canudos, Bahia, 1996",,"Fotografia / processo gelatina ","20 x 30 cm ",1500,"MAR.2015.005338","Col. MAR - Fundo Evandro Teixeira",,"ok finalizado","Em exposição",,,,,,,,,,,,,,
"pendente","sim",,109,"Exposta",,,"Canudos ","https://lh4.googleusercontent.com/-aqWT0k6tPA4/VcjF3N2UGcI/AAAAAAAANjw/IlIN4XfH6KE/w945-h709-no/IMG_9448.JPG","Evandro Teixeira","Coleção MAR, Fundo Evandro Teixeira","Paisagem com vilarejos silenciosos, da série ""Canudos 100 anos""","Canudos, Bahia, 1996",,"Fotografia / processo gelatina ","20 x 30 cm",1500,"MAR.2015.005313","Col. MAR - Fundo Evandro Teixeira",,"ok finalizado","Em exposição",,,,,,,,,,,,,,
"pendente","sim",,110,"Exposta",,,"Canudos ","https://lh4.googleusercontent.com/-O-al4zu21yY/VcjFRFEdgqI/AAAAAAAANfY/PJSQ6bqUMyw/w945-h709-no/IMG_9408.JPG","Evandro Teixeira","Coleção MAR, Fundo Evandro Teixeira","Paisagem com igreja, cruz ao centro e casinhas ao entorno, da série ""Canudos 100 anos""","Canudos, Bahia, 1996",,"Fotografia / processo gelatina ","20 x 30 cm",1500,"MAR.2015.005276","Col. MAR - Fundo Evandro Teixeira",,"ok finalizado","Em exposição",,,,,,,,,,,,,,
"pendente","sim",,111,"Exposta",,,"Canudos ","https://lh4.googleusercontent.com/-UcMdfcC_3g0/VcjGYKytqPI/AAAAAAAANrs/2hQltIaHRhQ/w945-h709-no/IMG_9478.JPG","Evandro Teixeira","Coleção MAR, Fundo Evandro Teixeira","Seu Antônio da Isabel, de 105 anos, tem a lucidez dos sobreviventes, da série ""Canudos 100 anos""","Canudos, Bahia, 1996",,"Fotografia / processo gelatina ","20 x 30 cm ",1500,"MAR.2015.005343","Col. MAR - Fundo Evandro Teixeira",,"ok finalizado","Em exposição",,,,,,,,,,,,,,
"pendente","sim",,112,"Exposta",,,"Canudos ","https://lh4.googleusercontent.com/-4Nx11alzawY/VcjFYQRdFoI/AAAAAAAANgY/J_C76g7XWaY/w945-h709-no/IMG_9420.JPG","Evandro Teixeira","Coleção MAR, Fundo Evandro Teixeira","Trilhas de pedras, da série ""Canudos 100 anos""","Canudos, Bahia, 1996",,"Fotografia / processo gelatina ","20 x 30 cm",1500,"MAR.2015.005285","Col. MAR - Fundo Evandro Teixeira",,"ok finalizado","Em exposição",,,,,,,,,,,,,,
"pendente","sim",,113,"Exposta",,,"Canudos ","https://lh4.googleusercontent.com/-FBJqF1x5kmw/VcjFC4s6CUI/AAAAAAAANd4/Au29BRmOdVc/w945-h709-no/IMG_9397.JPG","Evandro Teixeira","Coleção MAR, Fundo Evandro Teixeira","Mulheres de lenço e trouxa na cabeça, da série ""Canudos 100 anos""","Canudos, Bahia, 1996",,"Fotografia / processo gelatina ","20 x 30 cm",1500,"MAR.2015.005265","Col. MAR - Fundo Evandro Teixeira",,"ok finalizado","Em exposição",,,,,,,,,,,,,,
"pendente","sim",,114,"Exposta",,,"Canudos ","https://lh4.googleusercontent.com/-bqs2lFD4JlM/VcjF3naKFCI/AAAAAAAANj4/TxdB9lDvsvY/w945-h709-no/IMG_9446.JPG","Evandro Teixeira","Coleção MAR, Fundo Evandro Teixeira","Paisagem com estrada infinita e senhora caminha com bode, da série ""Canudos 100 anos""","Canudos, Bahia, 1996",,"Fotografia / processo gelatina ","20 x 30 cm",1500,"MAR.2015.005311","Col. MAR - Fundo Evandro Teixeira",,"ok finalizado","Em exposição",,,,,,,,,,,,,,
"pendente","sim",,115,"Exposta",,,"Canudos ","https://lh4.googleusercontent.com/-_gBOVnndNXM/VcjGbZEr4MI/AAAAAAAANso/KK2-KNIXar8/w945-h709-no/IMG_9485.JPG","Evandro Teixeira","Coleção MAR, Fundo Evandro Teixeira","Padres segurando imagem de cristo, da série ""Canudos 100 anos""","Canudos, Bahia, 1996",,"Fotografia / processo gelatina ","20 x 30 cm ",1500,"MAR.2015.005349","Col. MAR - Fundo Evandro Teixeira",,"ok finalizado","Em exposição",,,,,,,,,,,,,,
"pendente","sim",,116,"Exposta",,,"Canudos ","https://lh6.googleusercontent.com/-e8C0v9y7DaU/VcjGSPCWs5I/AAAAAAAANzc/HW2umpJhnHo/w532-h709-no/IMG_9470.JPG","Evandro Teixeira","Coleção MAR, Fundo Evandro Teixeira","Imagem de santo do século XVIII esculpido em tamanho real, da série ""Canudos 100 anos""","Canudos, Bahia, 1996",,"Fotografia / processo gelatina ","30 x 20 cm",1500,"MAR.2015.005335","Col. MAR - Fundo Evandro Teixeira",,"ok finalizado","Em exposição",,,,,,,,,,,,,,
"pendente","sim",,117,"Exposta",,,"Canudos ","https://lh4.googleusercontent.com/-nXH4XKPDw_E/VcjFxrXPOvI/AAAAAAAANjI/iVtPcTthvCg/w945-h709-no/IMG_9442.JPG","Evandro Teixeira","Coleção MAR, Fundo Evandro Teixeira","A procissão sobre a serra da Santa Cruz de Monte Santo, da série ""Canudos 100 anos""","Canudos, Bahia, 1996",,"Fotografia / processo gelatina ","20 x 30 cm",1500,"MAR.2015.005307","Col. MAR - Fundo Evandro Teixeira",,"ok finalizado","Em exposição",,,,,,,,,,,,,,
"pendente","sim",,118,"Exposta",,,"Canudos ","https://lh4.googleusercontent.com/-29xdB_ueEbY/VcjFwTjEWUI/AAAAAAAANiw/o2pY_q_TiEg/w945-h709-no/IMG_9440.JPG","Evandro Teixeira","Coleção MAR, Fundo Evandro Teixeira","Caminho da Santa Cruz, em Monte Santo, da série ""Canudos 100 anos""","Canudos, Bahia, 1996",,"Fotografia / processo gelatina ","20 x 30 cm",1500,"MAR.2015.005305","Col. MAR - Fundo Evandro Teixeira",,"ok finalizado","Em exposição",,,,,,,,,,,,,,
"pendente","sim",,119,"Exposta",,,"Canudos ","https://lh6.googleusercontent.com/-TH0VUHpAG_I/VcjEztA6ZbI/AAAAAAAANcU/8aIT8k3VO-s/w532-h709-no/IMG_9384.JPG","Evandro Teixeira","Coleção MAR, Fundo Evandro Teixeira","Senhor carregando a cruz de cristo, da série ""Canudos 100 anos""","Canudos, Bahia, 1996",,"Fotografia / processo gelatina ","30 x 20 cm",1500,"MAR.2015.005253","Col. MAR - Fundo Evandro Teixeira",,"ok finalizado","Em exposição",,,,,,,,,,,,,,
"pendente","sim",,120,"Exposta",,,"Canudos ","https://lh4.googleusercontent.com/-YH8OG_t0Fac/VcjFeIgD_VI/AAAAAAAANhA/BiBLZlET5yU/w945-h709-no/IMG_9424.JPG","Evandro Teixeira","Coleção MAR, Fundo Evandro Teixeira","Multidão acompanha o esquife a caminho da santa cruz do monte santo, da série ""Canudos 100 anos""","Canudos, Bahia, 1996",,"Fotografia / processo gelatina ","20 x 30 cm",1500,"MAR.2015.005289","Col. MAR - Fundo Evandro Teixeira",,"ok finalizado","Em exposição",,,,,,,,,,,,,,
"pendente","sim",,121,"Exposta",,,"Canudos ","https://lh6.googleusercontent.com/-zXDGK-IiOcE/VcjGbJWOhnI/AAAAAAAAN0c/DoL2I-nlgQE/w532-h709-no/IMG_9484.JPG","Evandro Teixeira","Coleção MAR, Fundo Evandro Teixeira","Menina rezando ajoelhada sobre chão, da série ""Canudos 100 anos""","Canudos, Bahia, 1996",,"Fotografia / processo gelatina ","30 x 20 cm ",1500,"MAR.2015.005348","Col. MAR - Fundo Evandro Teixeira",,"ok finalizado","Em exposição",,,,,,,,,,,,,,
"pendente","sim",,122,"Exposta",,,"Canudos ","https://lh4.googleusercontent.com/-1h34JnFmvBo/VcjGYwUQQtI/AAAAAAAANsE/4C2ljw-nyDw/w945-h709-no/IMG_9481.JPG","Evandro Teixeira","Coleção MAR, Fundo Evandro Teixeira","Senhor com as mãos sobre a boca, da série ""Canudos 100 anos""","Canudos, Bahia, 1996",,"Fotografia / processo gelatina ","20 x 30 cm ",1500,"MAR.2015.005345","Col. MAR - Fundo Evandro Teixeira",,"ok finalizado","Em exposição",,,,,,,,,,,,,,
"pendente","sim",,123,"Exposta",,,"Canudos ","https://lh4.googleusercontent.com/-KavlN8Wc2JI/VcjGQ_m2NtI/AAAAAAAANo4/miXnp-OJI6E/w945-h709-no/IMG_9468.JPG","Evandro Teixeira","Coleção MAR, Fundo Evandro Teixeira","Ex-votos deixados na Igreja da Santa Cruz, da série ""Canudos 100 anos""","Canudos, Bahia, 1996",,"Fotografia / processo gelatina ","20 x 30 cm ",1500,"MAR.2015.005333","Col. MAR - Fundo Evandro Teixeira",,"ok finalizado","Em exposição",,,,,,,,,,,,,,
"pendente","sim",,124,"Exposta",,,"Canudos ","https://lh4.googleusercontent.com/-wBrsX9AXVFY/VcjFZVfd2cI/AAAAAAAANgk/ucqkd4YYyVg/w945-h709-no/IMG_9421.JPG","Evandro Teixeira","Coleção MAR, Fundo Evandro Teixeira","Nossa Senhora da Soledade e uma devota, da série ""Canudos 100 anos""","Canudos, Bahia, 1996",,"Fotografia / processo gelatina ","20 x 30 cm",1500,"MAR.2015.005286","Col. MAR - Fundo Evandro Teixeira",,"ok finalizado","Em exposição",,,,,,,,,,,,,,
"pendente","sim",,125,"Exposta",,,"Canudos ","https://lh4.googleusercontent.com/-JP6avpKAc4I/VcjGT3o5CiI/AAAAAAAANqI/3GTKBN5m_r4/w945-h709-no/IMG_9472.JPG","Evandro Teixeira","Coleção MAR, Fundo Evandro Teixeira","Igreja construída por Antônio Conselheiro, da série ""Canudos 100 anos""","Canudos, Bahia, 1996",,"Fotografia / processo gelatina ","20 x 30 cm ",1500,"MAR.2015.005337","Col. MAR - Fundo Evandro Teixeira",,"ok finalizado","Em exposição",,,,,,,,,,,,,,
"pendente","sim",,126,"Exposta",,,"Canudos ","https://lh4.googleusercontent.com/-Gym53ebFJqk/VcjE5pZkHhI/AAAAAAAANcw/BtFjrE0t4cI/w945-h709-no/IMG_9387%2B%25281%2529.JPG","Evandro Teixeira","Coleção MAR, Fundo Evandro Teixeira","Senhores e ruínas, da série ""Canudos 100 anos""","Canudos, Bahia, 1996",,"Fotografia / processo gelatina ","20 x 30 cm",1500,"MAR.2015.005256","Col. MAR - Fundo Evandro Teixeira",,"ok finalizado","Em exposição",,,,,,,,,,,,,,
"pendente","sim",,127,"Exposta",,,"Canudos ","https://lh4.googleusercontent.com/-Aii6VqsiFH0/VcjFAjdK5TI/AAAAAAAANdo/U0qIZ6Equ7g/w945-h709-no/IMG_9394.JPG","Evandro Teixeira","Coleção MAR, Fundo Evandro Teixeira","Homens carregando esteio de madeira, da série ""Canudos 100 anos""","Canudos, Bahia, 1996",,"Fotografia / processo gelatina ","20 x 30 cm",1500,"MAR.2015.005262","Col. MAR - Fundo Evandro Teixeira",,"ok finalizado","Em exposição",,,,,,,,,,,,,,
"pendente","sim",,128,"Exposta",,,"Canudos ","https://lh4.googleusercontent.com/-hCOJWvUQUw4/VcjGmSkYBCI/AAAAAAAANvU/43Q4Hhs8-X0/w945-h709-no/IMG_9490.JPG","Evandro Teixeira","Coleção MAR, Fundo Evandro Teixeira","Manuel Travessa, guardião da memória exibe o que sobrou da guerra, da série ""Canudos 100 anos""","Canudos, Bahia, 1996",,"Fotografia / processo gelatina ","20 x 30 cm ",1500,"MAR.2015.005354","Col. MAR - Fundo Evandro Teixeira",,"ok finalizado","Em exposição",,,,,,,,,,,,,,
"pendente","sim",,129,"Está na Reserva Técnica - SAIU DA EXPOSIÇÃO",,,"Canudos ","https://lh6.googleusercontent.com/-tHWqgdtJ7H0/VcjGTZVyfOI/AAAAAAAANzs/sqW7ZVepHbw/w532-h709-no/IMG_9471.JPG","Evandro Teixeira","Coleção MAR, Fundo Evandro Teixeira","Chaves, ferramentas e calibres, da série ""Canudos 100 anos""","Canudos, Bahia, 1996",,"Fotografia / processo gelatina ","30 x 20 cm",1500,"MAR.2015.005336","Col. MAR - Fundo Evandro Teixeira",,"ok finalizado","SAIU DA EXPOSIÇÃO",,,,,,,,,,,,,,
"pendente","sim",,130,"Exposta",,,"Canudos ","https://lh4.googleusercontent.com/-bIuLX650Vvs/VcjGGCxtbLI/AAAAAAAANlY/F-KBDB5r1Ss/w945-h709-no/IMG_9456.JPG","Evandro Teixeira","Coleção MAR, Fundo Evandro Teixeira","Águas do açude cobrem as ruínas, da série ""Canudos 100 anos""","Canudos, Bahia, 1996",,"Fotografia / processo gelatina ","20 x 30 cm",1500,"MAR.2015.005321","Col. MAR - Fundo Evandro Teixeira",,"ok finalizado","Em exposição",,,,,,,,,,,,,,
"pendente","sim",,131,"Exposta",,,"Canudos ","https://lh4.googleusercontent.com/-pqzs3N_2tD8/VcjE6Rh7PII/AAAAAAAANug/7UZo2Y2h5So/w945-h709-no/IMG_9389.JPG","Evandro Teixeira","Coleção MAR, Fundo Evandro Teixeira","Senhor alimentando cabras, da série ""Canudos 100 anos""","Canudos, Bahia, 1996",,"Fotografia / processo gelatina ","20 x 30 cm",1500,"MAR.2015.005257","Col. MAR - Fundo Evandro Teixeira",,"ok finalizado","Em exposição",,,,,,,,,,,,,,
"pendente","sim",,132,"Exposta",,,"Canudos ","https://lh6.googleusercontent.com/-WKZknUygXOQ/VcjGOg8CKiI/AAAAAAAANy8/Qip8lk_UBBg/w532-h709-no/IMG_9465.JPG","Evandro Teixeira","Coleção MAR, Fundo Evandro Teixeira","Cruz, da série ""Canudos 100 anos""","Canudos, Bahia, 1996",,"Fotografia / processo gelatina ","30 x 20 cm",1500,"MAR.2015.005330","Col. MAR - Fundo Evandro Teixeira",,"ok finalizado","Em exposição",,,,,,,,,,,,,,
"pendente","sim",,133,"Exposta",,,"Canudos ","https://lh4.googleusercontent.com/-edX2z2_Z7zA/VcjFvkNBR8I/AAAAAAAANio/Iu2OprrxVjY/w945-h709-no/IMG_9438.JPG","Evandro Teixeira","Coleção MAR, Fundo Evandro Teixeira","Senhor sorrindo sobre beco e calçada de pedra, da série ""Canudos 100 anos""","Canudos, Bahia, 1996",,"Fotografia / processo gelatina ","20 x 30 cm",1500,"MAR.2015.005303","Col. MAR - Fundo Evandro Teixeira",,"ok finalizado","Em exposição",,,,,,,,,,,,,,
"pendente","sim",,134,"Exposta",,,"Canudos ","https://lh4.googleusercontent.com/-hA-J5DJ5AFo/VcjGVEYAo1I/AAAAAAAANqo/g5UEU2iDVU0/w945-h709-no/IMG_9474.JPG","Evandro Teixeira","Coleção MAR, Fundo Evandro Teixeira","Bar Conselheiro, da série ""Canudos 100 anos""","Canudos, Bahia, 1996",,"Fotografia / processo gelatina ","20 x 30 cm ",1500,"MAR.2015.005339","Col. MAR - Fundo Evandro Teixeira",,"ok finalizado","Em exposição",,,,,,,,,,,,,,
"pendente","sim",,135,"Exposta",,,"Canudos ","https://lh6.googleusercontent.com/-sCx8SlIGKJw/VcjFZ3OP_BI/AAAAAAAANgo/u_snqRXTGJc/w532-h709-no/IMG_9422.JPG","Evandro Teixeira","Coleção MAR, Fundo Evandro Teixeira","Senhora de lenço na cabeça, da série ""Canudos 100 anos""","Canudos, Bahia, 1996",,"Fotografia / processo gelatina ","30 x 20 cm",1500,"MAR.2015.005287","Col. MAR - Fundo Evandro Teixeira",,"ok finalizado","Em exposição",,,,,,,,,,,,,,
"pendente","sim",,136,"Exposta",,,"Canudos ","https://lh6.googleusercontent.com/-X04QdcWArT8/VcjGNvI9K9I/AAAAAAAANys/f_eHNfLIft4/w532-h709-no/IMG_9463.JPG","Evandro Teixeira","Coleção MAR, Fundo Evandro Teixeira","Vaqueiro e sua armadura de couro, da série ""Canudos 100 anos""","Canudos, Bahia, 1996",,"Fotografia / processo gelatina ","30 x 20 cm",1500,"MAR.2015.005328","Col. MAR - Fundo Evandro Teixeira",,"ok finalizado","Em exposição",,,,,,,,,,,,,,
"pendente","sim",,137,"Exposta",,,"Canudos ","https://lh4.googleusercontent.com/-77XiF66U6Gc/VcjFuFg8KNI/AAAAAAAANig/o6x4kwklfRQ/w945-h709-no/IMG_9436.JPG","Evandro Teixeira","Coleção MAR, Fundo Evandro Teixeira","Criança pendurada no caminhão, da série ""Canudos 100 anos""","Canudos, Bahia, 1996",,"Fotografia / processo gelatina ","20 x 30 cm",1500,"MAR.2015.005301","Col. MAR - Fundo Evandro Teixeira",,"ok finalizado","Em exposição",,,,,,,,,,,,,,
"pendente","sim",,138,"Exposta",,,"Canudos ","https://lh4.googleusercontent.com/-xSRIatqq2Ro/VcjFTLZIz_I/AAAAAAAANfo/3T-_CQd7idU/w945-h709-no/IMG_9410.JPG","Evandro Teixeira","Coleção MAR, Fundo Evandro Teixeira","Menino olhando a romaria, da série ""Canudos 100 anos""","Canudos, Bahia, 1996",,"Fotografia / processo gelatina ","20 x 30 cm",1500,"MAR.2015.005278","Col. MAR - Fundo Evandro Teixeira",,"ok finalizado","Em exposição",,,,,,,,,,,,,,
"pendente",,,139,"saiu da exposição",,,"Canudos ","https://lh3.googleusercontent.com/7tDjCAalsxERc7UBXokV0TRM_KV7VBwQjiI8a6ibVY0=w1047-h785-no","Evandro Teixeira","Coleção MAR, Fundo Evandro Teixeira","Paisagem com cactus e cavalos, da série ""Canudos 100 anos""","Canudos, Bahia, 1996",,"Fotografia / processo gelatina ","20 x 30 cm ",1500,"MAR.2015.005316","Col. MAR - Fundo Evandro Teixeira",,"s/laudo - saiu da exposição","SAIU DA EXPOSIÇÃO",,,,,,,,,,,,,,
"ok",,,164,"Exposta",4010020,,"Carnaval","https://lh3.googleusercontent.com/-i5cDWjZALds/VfcurTm0h_I/AAAAAAAACHw/BwHXmApJ0lA/w506-h783/baianas.jpg","Evandro Teixeira","Coleção do artista","Baianas do carnaval","Cinelândia, Rio de Janeiro, déc. 1970",,"Inkjet print. Pigmento mineral sobre papel","40 x 30 cm ",400,,,,"ok finalizado","Em exposição",,,,,,,,,,,,,,
"ok",,,51,"Exposta","DSCN2119",,"Carnaval  ","https://lh3.googleusercontent.com/ZsaMsda5esfLSClgQ9guekWG230F5MoBkoAXGr_X9pI=w216-h309-no","Evandro Teixeira","Coleção do artista","Carnaval de Basel","Basel, Suíça, 2014",,"Inkjet print. Pigmento mineral sobre papel","40 x 30 cm ",400,,,,"ok finalizado","Em exposição",,,,,,,,,,,,,,
"ok",,,52,"Exposta",73630022,,"Carnaval  ","https://lh3.googleusercontent.com/yzYZ8dV6MdyV-J52VNx1_6ba_eOF0PqDDc37ZyN37h4=w841-h785-no","Evandro Teixeira","Coleção do artista","Os Clóvis na Cinelândia","Cinelândia, Rio de Janeiro, 2010",,"Inkjet print. Pigmento mineral sobre papel","30 x 40 cm ",400,,,,"ok finalizado","Em exposição",,,,,,,,,,,,,,
"ok",,,53,"Exposta","CLOVIS4",,"Carnaval  ","https://lh3.googleusercontent.com/cGP7pWhI28VqzU75HumQHwIvGn5ieGec5KC1i4q8OAk=w516-h339-no","Evandro Teixeira","Coleção do artista","Clóvis na Pedra de Guaratiba","Pedra de Guaratiba, Rio de Janeiro, 1995",,"Inkjet print. Pigmento mineral sobre papel","30 x 40 cm ",400,,,,"ok finalizado","Em exposição",,,,,,,,,,,,,,
"ok",,,54,"Exposta",,,"Carnaval  ","https://lh3.googleusercontent.com/eFyYAcPPd3dN3yz0ZPMCtdkmKs542Hgo9gNB6197iR8=w518-h755-no","Evandro Teixeira","Coleção do artista","Carnaval","Rio de Janeiro, 1976",,"Inkjet print. Pigmento mineral sobre papel","40 x 30 cm ",400,,,,"ok finalizado","Em exposição",,,,,,,,,,,,,,
"ok",,,55,"Exposta",,,"Carnaval  ","https://lh3.googleusercontent.com/YRVfURxpd0RgxPOsTANEalBnhqkgHRKvaqDBRxWMUrM=w1185-h785-no","Evandro Teixeira","Coleção do artista","Os Clóvis: carnaval","Rio de Janeiro, 1980",,"Inkjet print. Pigmento mineral sobre papel","40 x 60 cm ",400,,,,"ok finalizado","Em exposição",,,,,,,,,,,,,,
"ok",,,56,"Exposta","evandro_carnaval1",,"Carnaval  ","https://lh3.googleusercontent.com/zivUyeIMbgGI2hZNQHx71Hql9m_vnnamRuvPm65r8wU=w476-h305-no","Evandro Teixeira","Coleção do artista","Sambista na passarela do samba","Rio de Janeiro, 1979",,"Inkjet print. Pigmento mineral sobre papel","30 x 40 cm ",400,,,,"ok finalizado","Em exposição",,,,,,,,,,,,,,
"ok",,,57,"Exposta","13 JB PB 87x61,2",,"Carnaval  ","https://lh3.googleusercontent.com/26Hh3MXDqZHXnqLG4fWUXVMZGF9oztvE28rnA6X0hVs=w500-h785-no","Evandro Teixeira","Coleção do artista","Baiana na festa do Bonfim","Salvador, Bahia, 1993",,"Inkjet print. Pigmento mineral sobre papel","40 x 30 cm ",400,,,,"ok finalizado","Em exposição",,,,,,,,,,,,,,
"ok",,,58,"Exposta","16NEGATIVO01",,"Carnaval  ","https://lh3.googleusercontent.com/XwULCfh3yNuT5LTdy7KLilEjwLIk8PEBxrLHW2tbYsE=w1243-h785-no","Evandro Teixeira","Coleção do artista","Sambista no carnaval na Bahia","Salvador, Bahia, 1973",,"Inkjet print. Pigmento mineral sobre papel","30 x 40 cm ",400,,,,"ok finalizado","Em exposição",,,,,,,,,,,,,,
"pendente",,,59,"Exposta","Foto001",,"Carnaval  ","https://lh3.googleusercontent.com/9mA12gguXy2CotqidhWhTsudd7DfLoIDzaiJU6o0e1M=w1246-h785-no","Evandro Teixeira","Coleção do artista","Mestre Marçal da Mocidade Independente de Padre Miguel ","Passarela do Samba, Rio de Janeiro, 1984",,"Inkjet print. Pigmento mineral sobre papel","30 x 40 cm ",400,,,,"ok finalizado","Em exposição",,,,,,,,,,,,,,
"ok",,,60,"Exposta","P1030807",,"Carnaval  ","https://lh3.googleusercontent.com/Rtq8MrQa3sbBFSBwvAaZlHP6Duz8_a1fxiM4X7g9RVA=w1243-h785-no","Evandro Teixeira","Coleção do artista","Sambista no carnaval carioca","Cinelândia, Rio de Janeiro, 2012",,"Inkjet print. Pigmento mineral sobre papel","30 x 40 cm ",400,,,,"ok finalizado","Em exposição",,,,,,,,,,,,,,
"ok","sim",,61,"Exposta",,,"Carnaval  ","https://lh3.googleusercontent.com/rrlKG3f1lpgrtihSJi8JdlnnIYFdJCbG0BtMSWkPhrE=w236-h299-no","Evandro Teixeira","Coleção do artista","A volta da baiana do samba nos trilhos da Central do Brasil ","Rio de Janeiro, 1979",,"Fotografia / processo gelatina ","
A foto existente tem 49 x 34 cm ",1000,,,,"ok finalizado","Em exposição",,,,,,,,,,,,,,
"ok",,,62,"Exposta","Scan-110603-0005a",,"Carnaval  ","https://lh3.googleusercontent.com/Wda_FkNoPSXeqGvrbN-PWVoNFwhdh2f_4hiQ5Jl9wEw=w521-h785-no","Evandro Teixeira","Coleção do artista","Pierrot na escadaria do Theatro Municipal","Rio de Janeiro, 1973",,"Inkjet print. Pigmento mineral sobre papel","60 x 40 cm ",400,,,,"ok finalizado","Em exposição",,,,,,,,,,,,,,
,,,197,"Exposta",,,"Carnaval  ","https://lh3.googleusercontent.com/cnV7fL0y1PRn6UwNMSETxwiONCxqT9p4DoG42EJGL54myWMXZIpSOWthYwrkjOHqxjor7RbkNu_xkXKsCgpOd9q4ohqKIhEocMr6JSIKzYW9E2sn38jCTsUDSIywGY3M2o_BLcQOWCtCksu6PshgZs8qDz8ebgryRRhR9nmxNTIoWBTa62rL6m0GozCmo7UIFldJwSZW4rxhXJzO69s0TgR8re0a9V0cnDNj9p3zMgrhevDEKFxXMEaJ3oU4SE7v0_kjHbGrdHbin3OTRAmATFFYYVl1p6b7L3ez1Gn3uQKrUNlaghHRv6dF9JR47O6p0CumY6gsfhjhRQRA3eON_KJjeIhmdM9lFjIYoKl-8H6rdDt5qWusMnoa7_F9R23L5kvK58XEzDiKqHTttFFW28R_Z1Ahv0NNETpL-D3LVcS_dz-n9wvvX0jwVrsCvLJdyChrnzmJ_E6tEDU5NCfzWk6CK6QeA4P_rVE_g9-GbHOXN0aHfsZwv31ySA7CsWAQJTbRJLJ2OTZdeXpWVO7G_vNImAYd6pn8seVnddIcxmtI=w442-h295-no","Evandro Teixeira","Coleção do artista","O fotógrafo homenageado em desfile da Escola de Samba Unidos da Tijuca","Rio de Janeiro, 2007",,"Inkjet print. Pigmento mineral sobre papel","30 x 40 cm ",,,,,"ok finalizado","Em exposição",,,,,,,,,,,,,,
"ok",,,48,"Exposta","IMG_9606",,"Carnaval rural","https://lh3.googleusercontent.com/TyN6-n_2Mc2_FLnAPHZp0YF9q2Iy7eti-VszC2qUxMg=w514-h343-no","Evandro Teixeira","Coleção do artista","Maracatu rural","Goiana, Pernambuco, 2013",,"Inkjet print. Pigmento mineral sobre papel","40 x 60 cm ",400,,,,"ok finalizado","Em exposição",,,,,,,,,,,,,,
"ok",,,50,"Exposta","cd287_089",,"Carnaval rural","https://lh3.googleusercontent.com/-kFPi0lPrV4VSzXZU5o3R2_bRSxlDEDrqRr-n8OWUo4=w503-h335-no","Evandro Teixeira","Coleção do artista","Maracatu rural","Goiana, Pernambuco, 2014",,"Inkjet print. Pigmento mineral sobre papel","40 x 60 cm ",400,,,,"ok finalizado","Em exposição",,,,,,,,,,,,,,
"ok",,,160,"Exposta","IMG_1971",,"Carnaval rural","https://lh3.googleusercontent.com/-cJtSVZaVqSQ/VfcwU9KMeKI/AAAAAAAACKw/ehiPOH8cjhg/w506-h559/festa%2Brural.jpg","Evandro Teixeira","Coleção do artista","Festa do divino","São Luíz do Paraitinga, São Paulo, 2013",,"Inkjet print. Pigmento mineral sobre papel","60 x 40 cm ",400,,,,"ok finalizado","Em exposição",,,,,,,,,,,,,,
"ok",,,84,"Exposta","Queda Allende",,"Chile","https://lh3.googleusercontent.com/fu6KXA_9XFCsFig2ceeUmSJ9R2wCo2FmRvYYgdvyhaI=w1174-h779-no","Evandro Teixeira","Coleção do artista","Golpe militar do Chile, presos no porão do Estádio nacional","Santiago do Chile, 1973",,"Inkjet print. Pigmento mineral sobre papel","40 x 60 cm ",400,,,,"ok finalizado","Em exposição",,,,,,,,,,,,,,
"ok",,,85,"Exposta","EVANDRO315",,"Chile","https://lh3.googleusercontent.com/iiljc8QFNiPsYmD4Ht8VaxRoNWZBzZmPoCgvsHlCs7Q=w411-h321-no","Evandro Teixeira","Coleção do artista","Presos do Estádio nacional, golpe militar no Chile","Santiago do Chile, 1973",,"Inkjet print. Pigmento mineral sobre papel","30 x 40 cm ",400,,,,"ok finalizado","Em exposição",,,,,,,,,,,,,,
"ok",,,86,"Exposta","EVANDRO312",,"Chile","https://lh3.googleusercontent.com/QQ0hbp6sr8_QyUYh1Zuacn-fIkT8Q4DXAkea02fB-h4=w1180-h785-no","Evandro Teixeira","Coleção do artista","Presos do Estádio nacional, golpe militar no Chile","Santiago do Chile, 1973",,"Inkjet print. Pigmento mineral sobre papel","30 x 40 cm ",400,,,,"ok finalizado","Em exposição",,,,,,,,,,,,,,
"ok",,,88,"Exposta",15,,"Ditadura","https://lh3.googleusercontent.com/NLwvfWmuHGi232JCNprgfiPuMmaMJgHzJ2Sl92ixPhE=w513-h343-no","Evandro Teixeira","Coleção do artista","Estudantes presos políticos no estádio do Botafogo","Rio de Janeiro, 1968",,"Inkjet print. Pigmento mineral sobre papel","30 x 40 cm ",400,,,,"ok finalizado","Em exposição",,,,,,,,,,,,,,
"ok","sim",,89,"Exposta",,,"Ditadura","https://lh3.googleusercontent.com/-CI3rx9fW4Hs/VcujvjjKPnI/AAAAAAAAOBU/JaidsQaU_Uw/w1060-h709-no/Cavalaria%2B06.jpg","Evandro Teixeira","Coleção do artista","Da série Movimento Estudantil, cavalaria na Candelária","Rio de Janeiro, 1968",,"Fotografia / processo gelatina ","30 x 40 cm ",400,,,,"ok finalizado","Em exposição",,,,,,,,,,,,,,
"ok","sim",,90,"Exposta",,,"Ditadura","https://lh6.googleusercontent.com/-Az8JhQGpS74/VcoTGSxI9FI/AAAAAAAAN8E/BIFGhc8Q5fQ/w940-h621-no/CCI11082015_0002.jpg","Evandro Teixeira","Coleção do artista","Da série Movimento Estudantil","Rio de Janeiro, 1968",,"Fotografia / processo gelatina ","30 x 40 cm ",400,,,,"ok finalizado","Em exposição",,,,,,,,,,,,,,
"ok","sim",,92,"Exposta",,,"Ditadura","https://lh5.googleusercontent.com/-pX1lZaQylJI/Vci6kQ0KYdI/AAAAAAAANTs/z2d9PFAucEM/w1190-h709-no/262549002.jpg","Evandro Teixeira","Coleção do artista","Da série Movimento Estudantil, estudante perseguido e morto pela polícia na Cinelândia","Rio de Janeiro, 1968",,"Fotografia / processo gelatina ","30 x 40 cm ",400,,,,"ok finalizado","Em exposição",,,,,,,,,,,,,,
"ok",,"sim",93,"Exposta",".02",,"Ditadura","https://lh3.googleusercontent.com/-_lNOg7ktMjo/Vci6dgeEqvI/AAAAAAAANS4/oq06c62_hG8/w998-h665-no/01a.jpg","Evandro Teixeira","Coleção do artista","Golpe Militar no Brasil/ Tomada do Forte de Copacabana","Rio de Janeiro, 1964",,"Inkjet print. Pigmento mineral sobre papel","30 x 40 cm ",400,,,"sim","ok finalizado","Em exposição",,,,,,,,,,,,,,
"ok",,,94,"Exposta","!cid_ii_14c49624f03f9676",,"Ditadura","https://lh3.googleusercontent.com/-HvV5eB0X7BM/VcuyV4V9eNI/AAAAAAAAOFo/e2QqL5Qnq3c/w444-h665-no/CCI12082015_0024.jpg","Evandro Teixeira","Coleção do artista","Líder estudantil Vladimir Palmeira, presidente da União Metropolitana dos Estudantes (UME)","Rio de Janeiro, 1968",,"Inkjet print. Pigmento mineral sobre papel","40 x 30 cm ",400,,,,"ok finalizado","Em exposição",,,,,,,,,,,,,,
"ok","sim",,95,"Exposta",,,"Ditadura","https://lh5.googleusercontent.com/E9HPcQxKqbNflMeXxZgJeY9yVPvI19u9oZqOW6Dxqh0=w971-h665-no","Evandro Teixeira","Coleção do artista","Veículo do Exército em chamas durante confronto com manifestantes","Rio de Janeiro, 1968",,"Fotografia / processo gelatina ","30 x 40 cm ",400,,,,"ok finalizado","Em exposição",,,,,,,,,,,,,,
"ok",,,97,"Exposta",48370024,,"Ditadura","https://lh3.googleusercontent.com/-JX0KkA0Juec/Vcuxx3dHFAI/AAAAAAAAOGo/8_tdZFGOK3k/w823-h585-no/CCI12082015_0011.jpg","Evandro Teixeira","Coleção do artista","Passeata dos Cem Mil ","Rio de Janeiro, 1968",,"Inkjet print. Pigmento mineral sobre papel","30 x 40 cm ",400,,,,"ok finalizado","Em exposição",,,,,,,,,,,,,,
"ok",,"sim",98,"Exposta","07 cópia",,"Ditadura","https://lh3.googleusercontent.com/DiavmzzWyMe2p91GqSgiT-1xp7ayBO15o-1L182PmUo=w454-h299-no","Evandro Teixeira","Coleção do artista","Repressão com cavalaria na Igreja da Candelária - Missa do estudante Edson Luis","Rio de Janeiro, 1968",,"Inkjet print. Pigmento mineral sobre papel","30 x 40 cm",400,,,"sim","ok finalizado","Em exposição",,,,,,,,,,,,,,
"ok","sim",,99,"Exposta",,,"Ditadura","https://lh3.googleusercontent.com/Wlgpi1Bdx9SKnuQ9pye-dwsbVANanE8mGzYQScoL6Gs=w218-h331-no","Evandro Teixeira","Coleção do artista","Baionetas e libélulas","Rio de Janeiro, 1966",,"Fotografia / processo gelatina ","42,1 x 29,9 cm",1000,,,,"ok finalizado","Em exposição",,,,,,,,,,,,,,
"ok","sim",,100,"Exposta",,,"Ditadura","https://lh3.googleusercontent.com/wYzi_vGNMM8_PouCBtVyDFItzJu_PjzE1rjdbUHu6IM=w242-h184-no","Evandro Teixeira","Coleção do artista","Queda do Motociclista da FAB na visita da Rainha Elizabeth ao Rio","Rio de Janeiro, 1968",,"Fotografia / processo gelatina ","30 x 40 cm 
a foto existente já está nesse tamanho",1000,,,,"ok finalizado","Em exposição",,,,,,,,,,,,,,
"ok",,,159,"Exposta","68_244285B",,"Ditadura","https://lh3.googleusercontent.com/-22YAZ_dm9SE/VfcwGYAHBkI/AAAAAAAACKI/1gX0o5eY5Io/w506-h335/ditadura.jpg","Evandro Teixeira","Coleção do artista","Atores protestam contra a censura","Rio de Janeiro, 1968",,"Inkjet print. Pigmento mineral sobre papel","30 x 40 cm ",400,,,,"ok finalizado","Em exposição",,,,,,,,,,,,,,
"ok",,"sim",24,"Exposta",56,,"Drummond","https://lh3.googleusercontent.com/zgOrmM9yA9a53OhoOm__DqMnMFe19yS9RfXhg0eqTx0=w1177-h785-no","Evandro Teixeira","Coleção do artista","O poeta em casa, Carlos Drummond de Andrade","Rio de Janeiro, 1986",,"Inkjet print. Pigmento mineral sobre papel","10 x 15 cm",400,,,,"ok finalizado","Em exposição",,,,,,,,,,,,,,
"ok",,,41,"Exposta","IMG_1400",,"Futebol ","https://lh3.googleusercontent.com/7oF245Ya7glO2_cegubnQWC-Fzm8UQ5rTM9eZa83yJg=w1396-h785-no","Evandro Teixeira","Coleção do artista","Meninos jogando pelada","Milagre, Bahia, 2009",,"Inkjet print. Pigmento mineral sobre papel","40 x 60 cm ",400,,,"sim","ok finalizado","Em exposição",,,,,,,,,,,,,,
"ok",,,42,"Exposta","IMG_9836",,"Futebol ","https://lh3.googleusercontent.com/mpvOZHf6bw_RSIN1RM5hhGGxXoAQs_EVN1zDxeJJuFw=w901-h785-no","Evandro Teixeira","Coleção do artista","Pelada na lama, da Série ""Futebol, a paixão do Brasil""","Salvador, Bahia, 2009",,"Inkjet print. Pigmento mineral sobre papel","30 x 40 cm ",400,,,"sim","ok finalizado","Em exposição",,,,,,,,,,,,,,
"ok",,,43,"Exposta","IMG_9744",,"Futebol ","https://lh3.googleusercontent.com/mgeiLNLg97KiheDB4Sz6BdJKIMvIhNCUym11G9TEwDI=w1600-h763-no","Evandro Teixeira","Coleção do artista","Monges no terraço do Edifício Copan, da Série ""Futebol, a paixão do Brasil""","São Paulo, 2009",,"Inkjet print. Pigmento mineral sobre papel","40 x 60 cm ",400,,,,"ok finalizado","Em exposição",,,,,,,,,,,,,,
"ok",,,44,"Exposta","Evandro002",,"Futebol ","https://lh3.googleusercontent.com/xMEeiOqqrBmKJ3ZHT7idWL8eHuxWn0p1Uj3-PAp0P-w=w471-h343-no","Evandro Teixeira","Coleção do artista","Pelada na favela da Maré, da Série ""Futebol, a paixão do Brasil""","Rio de Janeiro, 1975",,"Inkjet print. Pigmento mineral sobre papel","30 x 40 cm ",400,,,,"ok finalizado","Em exposição",,,,,,,,,,,,,,
"ok",,,162,"Exposta","IMG_4250",,"Futebol ","https://lh3.googleusercontent.com/-8AlCkmrvJfI/VfcszaZrJmI/AAAAAAAACFQ/J8E3JtZW174/w506-h338/futebol.jpg","Evandro Teixeira","Coleção do artista","Série ""Futebol, a paixão do Brasil""","Juazeiro da Bahia, 2010",,"Inkjet print. Pigmento mineral sobre papel","30 x 40 cm ",400,,,,"ok finalizado","Em exposição",,,,,,,,,,,,,,
,,,168,"Exposta",,,"Futebol ",,"Evandro Teixeira","Coleção do artista","Pataxós jogando pelada","Xingu, 2012",,"Inkjet print. Pigmento mineral sobre papel","30 x 40 cm ",400,,,,"ok finalizado","Em exposição",,,,,,,,,,,,,,
"ok",,,63,"Exposta","EVANDRO BAILARINASa",,"Grupos organizados à distância ","https://lh3.googleusercontent.com/OG_nXqz6v-q7Iq9_2Sui3VVMTJrnlZuH7zYEGpDeMYk=w414-h290-no","Evandro Teixeira","Coleção do artista","Balé na favela da Catacumba","Rio de Janeiro, 1996",,"Inkjet print. Pigmento mineral sobre papel","30 x 40 cm ",400,,,,"ok finalizado","Em exposição",,,,,,,,,,,,,,
"ok",,,64,"Exposta","LEME4",,"Grupos organizados à distância ","https://lh3.googleusercontent.com/B3CYhQFztU813kFZAGPjYJ6w7UqHs8WXr80ukmu_BLo=w1312-h785-no","Evandro Teixeira","Coleção do artista","O time alongando","Rio de Janeiro, 2000",,"Inkjet print. Pigmento mineral sobre papel","30 x 40 cm ",400,,,,"ok finalizado","Em exposição",,,,,,,,,,,,,,
"ok",,,65,"Exposta","LEME5",,"Grupos organizados à distância ","https://lh3.googleusercontent.com/X7giaCl8juQhx7RtIb2IEtMQvk-wGmntjuPZQE4vo2I=w1333-h785-no","Evandro Teixeira","Coleção do artista","O time alongando","Rio de Janeiro, 2000",,"Inkjet print. Pigmento mineral sobre papel","30 x 40 cm ",400,,,,"ok finalizado","Em exposição",,,,,,,,,,,,,,
"ok",,,66,"Exposta",,,"Grupos organizados à distância ","https://lh3.googleusercontent.com/PXtnfm-FFcTMRryltJua_QXBnpR71E0jvZdRfnez4xQ=w1265-h786-no","Evandro Teixeira","Coleção do artista","Quarup","Xingu, 2012",,"Inkjet print. Pigmento mineral sobre papel","30 x 40 cm ",400,,,"sim","ok finalizado","Em exposição",,,,,,,,,,,,,,
"ok",,,67,"Exposta",,,"Índios","https://lh3.googleusercontent.com/agnvACpuJm2cEW3ZoAxjebQyshB1e3M5I8-2xMgX2AI=w1178-h785-no","Evandro Teixeira","Coleção do artista","Quarup","Xingu, 2012",,"Inkjet print. Pigmento mineral sobre papel","30 x 40 cm ",400,,,"sim","ok finalizado","Em exposição",,,,,,,,,,,,,,
"ok",,,68,"Exposta","IMG_4172",,"Índios","https://lh3.googleusercontent.com/kMbKnhgqVYpqXtceY_79HFQ0h2hoT7Rot_PPtSA-A50=w1348-h785-no","Evandro Teixeira","Coleção do artista","Dança indígena na Cúpula dos Povos","Rio de Janeiro, 2012",,"Inkjet print. Pigmento mineral sobre papel","30 x 40 cm ",400,,,"sim","ok finalizado","Em exposição",,,,,,,,,,,,,,
"ok",,,69,"Exposta",,,"Índios","https://lh3.googleusercontent.com/-SOA7U_x3rC5VvHOwrQipYIM1bPQcnquCGrc3Ll-rbg=w1319-h785-no","Evandro Teixeira","Coleção do artista","Quarup","Xingu, 2012",,"Inkjet print. Pigmento mineral sobre papel","30 x 40 cm ",400,,,"sim","ok finalizado","Em exposição",,,,,,,,,,,,,,
"ok",,,70,"Exposta","IMG_5844",,"Índios","https://lh3.googleusercontent.com/g2yb2GZ7NS30siaxH2IYS4AYym8qBFRbenK6IynGrLg=w1363-h785-no","Evandro Teixeira","Coleção do artista","Quarup","Xingu, 2012",,"Inkjet print. Pigmento mineral sobre papel","30 x 40 cm ",400,,,"sim","ok finalizado","Em exposição",,,,,,,,,,,,,,
"ok",,,71,"Exposta",,,"Índios","https://lh3.googleusercontent.com/OKvXx826JCyvxgKkZ06szsg2inQd4CEKKFWsjYr5MmM=w1393-h785-no","Evandro Teixeira","Coleção do artista","Quarup","Xingu, 2012",,"Inkjet print. Pigmento mineral sobre papel","30 x 40 cm ",400,,,"sim","ok finalizado","Em exposição",,,,,,,,,,,,,,
"ok",,,72,"Exposta",,,"Índios","https://lh3.googleusercontent.com/io4PlaPnYkCDHu0sJNspzyE52vl2yWsk7MPGLbClxh0=w1348-h785-no","Evandro Teixeira","Coleção do artista","Quarup","Xingu, 2012",,"Inkjet print. Pigmento mineral sobre papel","30 x 40 cm ",400,,,"sim","ok finalizado","Em exposição",,,,,,,,,,,,,,
"ok",,,73,"Exposta",,,"Índios","https://lh3.googleusercontent.com/_3s_eJK_HESHFebHFrwEByzcmOBZVduaTrNvxapN_U0=w1366-h785-no","Evandro Teixeira","Coleção do artista","Quarup","Xingu, 2012",,"Inkjet print. Pigmento mineral sobre papel","30 x 40 cm ",400,,,"sim","ok finalizado","Em exposição",,,,,,,,,,,,,,
"ok",,,74,"Exposta",,,"Índios","https://lh3.googleusercontent.com/mvO4NFj5hTfywld9ODF3phMSfy28CeKwICvKBGtp0vk=w1359-h785-no","Evandro Teixeira","Coleção do artista","Índio na Cúpula dos Povos","Rio de Janeiro, 2013",,"Inkjet print. Pigmento mineral sobre papel","30 x 40 cm ",400,,,"sim","ok finalizado","Em exposição",,,,,,,,,,,,,,
"ok",,"sim",25,"Exposta","01 FOT07 100x70",,"João Paulo II","https://lh3.googleusercontent.com/VLpYDfhTNze99f_6TEKJ_qFgNPKrasrd_JWhG-3LQ2w=w1122-h785-no","Evandro Teixeira","Coleção do artista","Visita do Papa ao Brasil. O Papa e Mãe de Santo","Salvador, Bahia, 1991",,"Inkjet print. Pigmento mineral sobre papel","20 x 30 cm ",400,,,,"ok finalizado","Em exposição",,,,,,,,,,,,,,
"ok","sim",,26,"Exposta",,,"João Paulo II","https://lh3.googleusercontent.com/S6UecpQuhZAA1dZPK-YmLCwvZxlIkFyQJ1IhwutXYyU=w987-h785-no","Evandro Teixeira","Coleção do artista","O Papa e a mão de Deus","Belém, Pará, 1980",,"Fotografia / processo gelatina ","50 x 60cm (existente)",1000,,,,"ok finalizado","Em exposição",,,,,,,,,,,,,,
"ok",,,76,"Exposta","FestaVaqueiro. 2  RN 470",,"Missa do Vaqueiro","https://lh3.googleusercontent.com/cPDThHrkz_R9u6660aHPsiC6YFDNhkaqLWyYhzfVn8A=w1178-h785-no","Evandro Teixeira","Coleção do artista","Missa do Vaqueiro","Acari, Rio Grande do Norte, 2010",,"Inkjet print. Pigmento mineral sobre papel","40 x 60 cm ",400,,,"sim","ok finalizado","Em exposição",,,,,,,,,,,,,,
,,,77,"Exposta",,,"Missa do Vaqueiro","https://lh3.googleusercontent.com/-1Iao34FgDAi_0kJmoGr915VIOMa530UGqSbcBCoZBE=w1178-h785-no","Evandro Teixeira","Coleção do artista","Missa do Vaqueiro","Acari, Rio Grande do Norte, 2010",,"Inkjet print. Pigmento mineral sobre papel","40 x 60 cm ",400,,,"sim","ok finalizado","Em exposição",,,,,,,,,,,,,,
"ok",,,78,"Exposta","FestaVaqueiro. RN 096",,"Missa do Vaqueiro","https://lh3.googleusercontent.com/6cdpRz1Lov2iF0JfffSOdiSaQhcQrjhm1AQZEhyNSbI=w1178-h785-no","Evandro Teixeira","Coleção do artista","Casa de Padre Cícero","Juazeiro, Ceará, 2011",,"Inkjet print. Pigmento mineral sobre papel","40 x 60 cm ",400,,,"sim","ok finalizado","Em exposição",,,,,,,,,,,,,,
"ok",,,79,"Exposta","P1020674 60x40",,"Missa do Vaqueiro","https://lh3.googleusercontent.com/GtQ85aU2ow1rnsn-9mVDoKkeCIZc7emHyT_bHtGaHpU=w473-h355-no","Evandro Teixeira","Coleção do artista","Missa do Vaqueiro","Serrita, Pernambuco, 2012",,"Inkjet print. Pigmento mineral sobre papel","40 x 60 cm ",400,,,"sim","ok finalizado","Em exposição",,,,,,,,,,,,,,
"ok",,,19,"Exposta","00001E Bailarino Nureiev",,"Movimento ","https://lh3.googleusercontent.com/z64aC0bx3DBc031i1b8rE-QAUWXS5QUyTXDFWHUxqAs=w521-h349-no","Evandro Teixeira","Coleção do artista","Nureyev em Copacabana ","Praia de Copacabana, Rio, 1967",,"Inkjet print. Pigmento mineral sobre papel","30 x 40 cm",400,,,"sim","ok finalizado","Em exposição",,,,,,,,,,,,,,
"ok",,,20,"Exposta","IMG_9844",,"Movimento ","https://lh3.googleusercontent.com/EyiRUa95zqqd-UEWLYtuPn6IEHtuvoIOF8JcIbm5oWE=w1224-h785-no","Evandro Teixeira","Coleção do artista","Salto na Baía de Guanabara","Rio de Janeiro, 2010",,"Inkjet print. Pigmento mineral sobre papel","60 x 90 cm ",400,,,,"ok finalizado","Em exposição",,,,,,,,,,,,,,
"ok",,,21,"Exposta","_MG_4592",,"Movimento ","https://lh3.googleusercontent.com/NfMGGBL_W5l_yy_aJnL-IWRH1TJywEJD5G-RYldJisM=w699-h785-no","Evandro Teixeira","Coleção do artista","Capoeira","Maragogipinho, Bahia, 2015",,"Inkjet print. Pigmento mineral sobre papel","40 x 30 cm ",400,,,,"ok finalizado","Em exposição",,,,,,,,,,,,,,
"ok",,,22,"Exposta",49460010,,"Movimento ","https://lh3.googleusercontent.com/Pg7CAs283dmUOeT2g5niizz-vQm3II07VZrDnNJiR5I=w513-h342-no","Evandro Teixeira","Coleção do artista","Crianças na Igreja do Santíssimo Sacramento do Passo, palco do filme ""O Pagador de Promessas""","Pelourinho, Salvador, 1992",,"Inkjet print. Pigmento mineral sobre papel","30 x 40 cm ",400,,,,"ok finalizado","Em exposição",,,,,,,,,,,,,,
"ok",,,23,"Exposta","IMG_5594",,"Movimento ","https://lh3.googleusercontent.com/SwmWgP4hjeqXEi3U3MWz22oShIMRr2YvbxcHuG7c1_I=w1346-h785-no","Evandro Teixeira","Coleção do artista","Complexo do Alemão, da Série ""Futebol, a paixão do Brasil""","Complexo do Alemão, Rio de Janeiro, 2010",,"Inkjet print. Pigmento mineral sobre papel","30 x 40 cm ",400,,,,"ok finalizado","Em exposição",,,,,,,,,,,,,,
"ok",,"sim",80,"Exposta","EVANDRO169a",,"Neruda","https://lh3.googleusercontent.com/FHPtHhw4MMzzUYGLjajkJk9_iR6vTESS-fuDk2x9bTU=w217-h321-no","Evandro Teixeira","Coleção do artista","Morte do poeta Pablo Neruda durante o Golpe Militar do Chile. Chegada em La Chascona.","Santiago do Chile, 1973",,"Inkjet print. Pigmento mineral sobre papel","40 x 30 cm ",400,,,,"ok finalizado","Em exposição",,,,,,,,,,,,,,
"pendente",,"sim",81,"Exposta","EANDRO26",,"Neruda","https://lh3.googleusercontent.com/iN9UM-uCCCjRhUxkAlEFnvsV4fT1JJyS7XTXaoZU0qc=w525-h330-no","Evandro Teixeira","Coleção do artista","Enterro do poeta Pablo Neruda durante Golpe Militar do Chile","Santiago do Chile, 1973",,"Inkjet print. Pigmento mineral sobre papel","30 x 40 cm ",400,,,,"ok finalizado","Em exposição",,,,,,,,,,,,,,
"ok",,"sim",82,"Exposta","73_701876C_chile 16x10",,"Neruda","https://lh3.googleusercontent.com/vjXhzW8mFOdwAWpJjbOwq9vPN84u3V5ymhdN5dyLvvI=w877-h529-no","Evandro Teixeira","Coleção do artista","Morte do poeta Pablo Neruda durante o Golpe Militar do Chile. Condução para o cemitério.","Santiago do Chile, 1973",,"Inkjet print. Pigmento mineral sobre papel","30 x 40 cm ",400,,,,"ok finalizado","Em exposição",,,,,,,,,,,,,,
"ok",,,87,"Exposta","evandro511",,"Neruda","https://lh3.googleusercontent.com/Heu4nYPNminWHjOElHTUDgzIWLMQ7YNpTa-F05Kwqjs=w224-h353-no","Evandro Teixeira","Coleção do artista","Exército cercando o cemitério de Santiago no enterro de Pablo Neruda","Santiago do Chile, 1973",,"Inkjet print. Pigmento mineral sobre papel","40 x 30 cm ",400,,,,"ok finalizado","Em exposição",,,,,,,,,,,,,,
"ok",,,37,"Exposta","Casamento",,"Paraty","https://lh3.googleusercontent.com/Ty_V-lnsVs0uO_azaYdCLajKFXb5A_apYU6iH22ZJa8=w1088-h670-no","Evandro Teixeira","Coleção do artista","Casamento de Francisca e Zeferino","Paraty, Rio de Janeiro, 1969",,"Inkjet print. Pigmento mineral sobre papel","30 x 40 cm ",400,,,"não tinha na lista de molduras","ok finalizado","Em exposição",,,,,,,,,,,,,,
"ok",,,38,"Exposta","Casamento em Paraty",,"Paraty","https://lh3.googleusercontent.com/jtstvZ7PsvU3v--wq-oogrdee1miEqhWTTnm2UMllX4=w1248-h785-no","Evandro Teixeira","Coleção do artista","Casamento de Francisca e Zeferino","Paraty, Rio de Janeiro, 1969",,"Inkjet print. Pigmento mineral sobre papel","30 x 40 cm ",400,,,"não tinha na lista de molduras","ok finalizado","Em exposição",,,,,,,,,,,,,,
"ok",,,156,"Exposta",49470013,,"Paraty","https://lh3.googleusercontent.com/-_R2uOdKX_sM/VfcvFUbA06I/AAAAAAAACIU/YiKqFSB66VU/w506-h323/paraty.jpg","Evandro Teixeira","Coleção do artista","Casamento de Francisca e Zeferino","Paraty, 1969",,"Inkjet print. Pigmento mineral sobre papel","30 x 40 cm ",400,,,,"ok finalizado","Em exposição",,,,,,,,,,,,,,
"ok",,,13,"Exposta","0106Monroe11 (2)",,"Poder","https://lh3.googleusercontent.com/QjkZAZWgzlJhyYh1vWa33A-RQkjSSQ40_kNetEJkUw8=w1282-h785-no","Evandro Teixeira","Coleção do artista","Demolição do Palácio Monroe","Rio de Janeiro, 1976",,"Inkjet print. Pigmento mineral sobre papel","30 x 40 cm ",400,,,,"ok impresso","Em exposição",,,,,,,,,,,,,,
"ok","sim",,16,"Exposta",,,"Poder","https://lh3.googleusercontent.com/WGcJUsYVgZCGVgP8u1tvzZmBcRKNXhgzNAJc9vI3jZw=w520-h785-no","Evandro Teixeira","Coleção do artista","Lula em campanha eleitoral, caravana da cidadania ","Guacuí, Pirapora, Minas Gerais, 1994",,"Fotografia / processo gelatina ","40 x 30 cm (impressa)",1000,,,,"ok finalizado",,,,,,,,,,,,,,,
"ok",,,18,"Exposta","P1050027",,"Poder","https://lh3.googleusercontent.com/pNN1ELUsMYhTzur_xCnCMKyTKnfCCStUZXJ3kt57rXY=w1047-h785-no","Evandro Teixeira","Coleção do artista","Artesão Françui dos aviões","Potengui, Ceará, 2011",,"Inkjet print. Pigmento mineral sobre papel","30 x 40 cm ",400,,,"sim","ok finalizado","Em exposição",,,,,,,,,,,,,,
"ok",,,167,"Exposta",49520023,,"Poder","https://lh3.googleusercontent.com/-iIH029XXTgU/VfctnsMwrKI/AAAAAAAACGc/yB04gunYwVA/w506-h379/casa%2Brosada.jpg","Evandro Teixeira","Coleção do artista","Águia da Casa Rosada","Buenos Aires, Argentina, 2008",,"Inkjet print. Pigmento mineral sobre papel","30 x 40 cm ",400,,,,"ok finalizado","Em exposição",,,,,,,,,,,,,,
"ok","sim",,6,"Exposta",,,"Ponto de vista","https://lh3.googleusercontent.com/YfyL07jFtrtSFO9-Qx9Jsm7uhUtbPas8F0OrupMTz4s=w365-h281-no","Evandro Teixeira","Coleção do artista","Rainha Elizabeth II","São Paulo, 1968",,"Fotografia / processo gelatina ","30 x 40 cm (tamanho que PH solicitou é o que temos)",1000,,,,"Ok finalizado","Em exposição",,,,,,,,,,,,,,
"ok",,,7,"Exposta","Enchente no Jardim Botânico",,"Ponto de vista","https://lh3.googleusercontent.com/4Z_O30IWpYf7DMQaJsRhWQz0g1LnmDYxZbTJ5H5Fb74=w483-h322-no","Evandro Teixeira","Coleção do artista","Ônibus em inundação no Jardim Botânico","Rio de Janeiro, 1988",,"Inkjet print. Pigmento mineral sobre papel","30 x 40 cm ",400,,,,"ok finalizado","Em exposição",,,,,,,,,,,,,,
"ok",,,8,"Exposta","L1230522",,"Ponto de vista","https://lh3.googleusercontent.com/8ybOpd0pj5ZZyU9ZpWbAMO8yis_ArPdqZm0KNjylrgM=w516-h331-no","Evandro Teixeira","Coleção do artista","Passeata antigoverno na Praia de Copacabana ","Rio de Janeiro, 2015",,"Inkjet print. Pigmento mineral sobre papel","40 x 60 cm ",400,,,"sim","ok finalizado","Em exposição",,,,,,,,,,,,,,
"ok",,,9,"Exposta","L1230511",,"Ponto de vista","https://lh3.googleusercontent.com/DW-pOdk_q6hvvTDVoCprZuhexnyjL360aw2CftL96Bk=w1600-h777-no","Evandro Teixeira","Coleção do artista","Passeata antigoverno na Praia de Copacabana ","Rio de Janeiro, 2015",,"Inkjet print. Pigmento mineral sobre papel","40 x 60 cm ",400,,,"sim","ok finalizado","Em exposição",,,,,,,,,,,,,,
"ok",,,10,"Exposta",,,"Ponto de vista","https://lh3.googleusercontent.com/p0D8_iCZNXorWFE-SV3X0rsdRO3f8KZCP8SozUC6SRQ=w397-h339-no"")","Luiz Pinto","Coleção Evandro Teixeira","Evandro e sua escadinha","Praça XV, Rio de Janeiro, 1991",,"Inkjet print. Pigmento mineral sobre papel","40 x 30 cm ",400,,,,"ok finalizado","Em exposição",,,,,,,,,,,,,,
"pendente",,,11,"Exposta","criançafalecidanabicicletaA",,"Ponto de vista","https://lh3.googleusercontent.com/XlX2tMSxIpF1exrFm9iGTMMTITiTipR4DeDdY6QvIoI=w554-h330-no","Evandro Teixeira","Coleção do artista","O enterro do anjinho","Aprazível, Ceará, 1992",,"Inkjet print. Pigmento mineral sobre papel","30 x 40 cm ",400,,,"sim","ok finalizado","Em exposição",,,,,,,,,,,,,,
"pendente",,,12,"Exposta","CHUVA_02",,"Ponto de vista","https://lh3.googleusercontent.com/NtrQh5oXSza_KaQ3_TxH25glp3nJvT29mhl7sEUlGlQ=w381-h785-no","Evandro Teixeira","Coleção do artista","Chuva no centro do Rio ","Largo da Carioca, Rio de Janeiro, 2005",,"Inkjet print. Pigmento mineral sobre papel","40 x 30 cm ",400,,,"sim","ok finalizado","Em exposição",,,,,,,,,,,,,,
"ok","sim",,1,"Exposta",,,"Povão","https://lh3.googleusercontent.com/SF3HYamI_LmzbCWhQriWm_4BUXiHjEyYyZkOJwew5Cs=w414-h315-no","Evandro Teixeira","Coleção do artista","Guerra do Tráfico na Vila do João","Rio de Janeiro, 1988",,"Fotografia / processo gelatina ","30,5 x 39,9 cm (existente)",1000,,,,"ok finalizado","Em exposição",,,,,,,,,,,,,,
"ok",,,3,"Exposta","38x29 algodao evandro img498",,"Povão","https://lh3.googleusercontent.com/8_1hYZjLNT59GFWiIWpHY8FI0vWiKFMCFs7sx0q2fpk=w466-h311-no","Evandro Teixeira","Coleção do artista","Meninos em carrinho de madeira no Morro da Mangueira","Rio de Janeiro, 1975",,"Inkjet print. Pigmento mineral sobre papel","30 x 40 cm ",400,,,"sim","ok finalizado","Em exposição",,,,,,,,,,,,,,
"ok",,,5,"Exposta","Evandro65",,"Povão","https://lh3.googleusercontent.com/-AY50JY6np_lltPG88mdCLnoaCvlMNaUJjdDCeSUe4o=w569-h785-no","Evandro Teixeira","Coleção do artista","Surfistas de trem ","Rio de Janeiro, dec.1960",,"Inkjet print. Pigmento mineral sobre papel","40 x 30 cm ",400,,,,"ok finalizado","Em exposição",,,,,,,,,,,,,,
"ok",,,157,"Exposta","Cópia de FAVELAANTIGA03",,"Povão","https://lh3.googleusercontent.com/-ZR_0h_WBwKk/Vfcvcr5LaLI/AAAAAAAACI8/fXawD8wcjS0/w506-h803/favela.jpg","Evandro Teixeira","Coleção do artista","Favela da Catacumba","Rio de Janeiro, 1972",,"Inkjet print. Pigmento mineral sobre papel","40 x 30 cm ",400,,,,"ok finalizado","Em exposição",,,,,,,,,,,,,,
"ok",,,165,"Exposta",3990004,,"Povão","https://lh3.googleusercontent.com/-3VkbNjZlSdg/VfctQuq3AFI/AAAAAAAACF0/e1NJMrNyXZE/w506-h754/cheirozinha.jpg","Evandro Teixeira","Coleção do artista","Dona Cheirosinha no Mercado Ver-o-Peso","Belém do Pará, 2000",,"Inkjet print. Pigmento mineral sobre papel","40 x 30 cm ",400,,,,"ok finalizado","Em exposição",,,,,,,,,,,,,,
"ok",,,28,"Exposta","TOM JOBIM02",,"Rio cool / Música","https://lh3.googleusercontent.com/V6C7EQdIYlgjg0amllCqwadPjhXQaRKdBim2qMavngM=w217-h331-no","Evandro Teixeira","Coleção do artista","Tom Jobim no telhado de sua casa","Rio de Janeiro, 1974",,"Inkjet print. Pigmento mineral sobre papel","40 x 30 cm ",400,,,"sim","ok finalizado","Em exposição",,,,,,,,,,,,,,
"ok","sim, ele quer a 30x50",,29,"Exposta",,,"Rio cool / Música","https://lh3.googleusercontent.com/NDFtWVv2RCV5HlOCojpbMNlB1DEF_j5JI3oENMd3NYs=w442-h296-no","Evandro Teixeira","Coleção do artista","Chico, Tom e Vinícius na Churrascaria Carreta","Rio de Janeiro, 1979",,"Fotografia / processo gelatina ","30 x 50 cm (evandro)",400,,,,"ok finalizado","Em exposição",,,,,,,,,,,,,,
"ok",,,30,"Exposta",66950007,,"Rio cool / Música","https://lh3.googleusercontent.com/nzHyiKybiAVYvMZziPUizygSITWh7umzMd0P7eOxUbU=w187-h281-no","Evandro Teixeira","Coleção do artista","Grande Otelo em filmagem na Avenida Chile ","Rio de Janeiro, 1971",,"Inkjet print. Pigmento mineral sobre papel","60 x 40 cm ",400,,,,"ok finalizado","Em exposição",,,,,,,,,,,,,,
"ok",,,31,"Exposta","Leila Diniz 02a",,"Rio cool / Música","https://lh3.googleusercontent.com/AAVaqSiMSWR2zqMUruHD79jEgctRNzgwujHa7sXzhQI=w1126-h785-no","Evandro Teixeira","Coleção do artista","Leila Diniz em filmagem na Praia de São Conrado","Rio de Janeiro, 1968",,"Inkjet print. Pigmento mineral sobre papel","30 x 40 cm ",400,,,"sim","ok finalizado","Em exposição",,,,,,,,,,,,,,
"ok",,,32,"Exposta","2602Danusa03 (2) 27x20",,"Rio cool / Música","https://lh3.googleusercontent.com/lfGouWavqhKChopfSJhYHDtn8j7vmXLDLUuDAFORwvA=w573-h785-no","Evandro Teixeira","Coleção do artista","Danuza Leão em desfile","Rio de Janeiro, 1968",,"Inkjet print. Pigmento mineral sobre papel","40 x 30 cm ",400,,,,"ok finalizado","Em exposição",,,,,,,,,,,,,,
"ok","sim",,34,"Exposta",,,"Rio cool / Música","https://lh3.googleusercontent.com/3XD7qihIBIPSAaG-S5Q5B4qfpRqGJkvMnsRKbyfEbTE=w1016-h684-no","Evandro Teixeira","Coleção do artista","Chico Buarque desfila no carnaval da Mangueira","Rio de Janeiro, 1989",,"Fotografia / processo gelatina ","34 x 49 cm ",1000,,,,"ok finalizado","Em exposição",,,,,,,,,,,,,,
"ok","sim",,35,"Exposta",,,"Rio cool / Música","https://lh3.googleusercontent.com/8D6hx9OyCdEigys8nvdkYRjwM_IoWwPCNKfagssxcOk=w497-h312-no","Evandro Teixeira","Coleção do artista","Rua Noel Rosa","1978, Rio de Janeiro",,"Fotografia / processo gelatina ","40 x 64 cm ",1000,,,,"ok finalizado","Em exposição",,,,,,,,,,,,,,
"ok",,,163,"Exposta","clementina",,"Rio cool / Música","https://lh3.googleusercontent.com/-Z7SUpYUDN2c/VfcsPztBlLI/AAAAAAAACEs/5D8DqYtRhMo/w506-h763/clementina.jpg","Evandro Teixeira","Coleção do artista","Clementina de Jesus na Banda de Ipanema","Rio de Janeiro, 1968",,"Inkjet print. Pigmento mineral sobre papel","40 x 30 cm ",400,,,,"ok finalizado","Em exposição",,,,,,,,,,,,,,
"ok",,,140,"Exposta",72350005,,"Vidas Secas ","https://lh3.googleusercontent.com/b87spBbRCAIhycilPAziTrhD1NReHmbvQS_kO3lnvEE=w408-h280-no","Evandro Teixeira","Coleção do artista","Série ""Vidas Secas""","Alagoas, 2008",,"Inkjet print. Pigmento mineral sobre papel","20 x 30 cm ",400,,,,"ok finalizado","Em exposição",,,,,,,,,,,,,,
"ok",,,141,"Exposta",72350010,,"Vidas Secas ","https://lh3.googleusercontent.com/R2xFWmyshK6DZJuB0uxXj7OJLLEb3T20aAXEM2MfbLY=w238-h162-no","Evandro Teixeira","Coleção do artista","Série ""Vidas Secas""","Alagoas, 2008",,"Inkjet print. Pigmento mineral sobre papel","60 x 90 cm ",400,,,,"ok finalizado","Em exposição",,,,,,,,,,,,,,
"ok",,,143,"Exposta",72350022,,"Vidas Secas ","https://lh3.googleusercontent.com/wZaczrBvdMs_MK0ZrZxat5w7V7D1BS9YHaZFb3mXL8U=w332-h236-no","Evandro Teixeira","Coleção do artista","Série ""Vidas Secas""","Alagoas, 2008",,"Inkjet print. Pigmento mineral sobre papel","20 x 30 cm ",400,,,,"ok finalizado","Em exposição",,,,,,,,,,,,,,
"ok",,,144,"Exposta","72340004a",,"Vidas Secas ","https://lh3.googleusercontent.com/ecxFvtkz3BOq74l3Sr54kAQCd0Q3DwT5ioXNP0tcRIM=w352-h254-no","Evandro Teixeira","Coleção do artista","Série ""Vidas Secas""","Caicó, Rio Grande do Norte, 2010",,"Inkjet print. Pigmento mineral sobre papel","20 x 30 cm ",400,,,,"ok finalizado","Em exposição",,,,,,,,,,,,,,
"ok",,,145,"Exposta","16NEGATIVO17",,"Vidas Secas ","https://lh3.googleusercontent.com/64uUrXuIKqXlk0y5iomOV2vNFiBaf_cqSUJbH2kz_vg=w328-h244-no","Evandro Teixeira","Coleção do artista","Série ""Vidas Secas""","Forquilha, Ceará, 1992",,"Inkjet print. Pigmento mineral sobre papel","20 x 30 cm ",400,,,,"ok finalizado","Em exposição",,,,,,,,,,,,,,
"ok",,,146,"Exposta","Canudos 125",,"Vidas Secas ","https://lh3.googleusercontent.com/E1h1Fhl4szdVdrH0JkDaOUIHk76ktMtQvLbdbCOWR_0=w274-h312-no","Evandro Teixeira","Coleção do artista","Senhora rezando, Dona Edwirgen ","Monte Santo, Bahia, 1995",,"Inkjet print. Pigmento mineral sobre papel","90 x 60 cm ",400,,,,"ok finalizado","Em exposição",,,,,,,,,,,,,,
"30 x 20 cm",,,147,"Exposta",,,"Vidas Secas ","https://lh3.googleusercontent.com/tfUZHy98vfOyezOQgGm0SlTEt1Jg_C205LNKPswThZA=w280-h234-no","Evandro Teixeira","Coleção do artista","Série ""Vidas Secas""","Alagoas, 2008",,"Fotografia / processo gelatina ","20 x 30 cm",400,,,,"ok finalizado","Em exposição",,,,,,,,,,,,,,
"ok",,,148,"Exposta",72340018,,"Vidas Secas ","https://lh3.googleusercontent.com/YtGagVEK0CbjuG1YUd7G-1yl_RG-qoxszvFyuU9iyhc=w1165-h785-no","Evandro Teixeira","Coleção do artista","Série ""Vidas Secas""","Alagoas, 2008",,"Inkjet print. Pigmento mineral sobre papel","20 x 30 cm ",400,,,,"ok finalizado","Em exposição",,,,,,,,,,,,,,
"ok",,"sim",149,"Exposta","canudos alta",,"Vidas Secas ","https://lh3.googleusercontent.com/fKV1YPpZDEosZ8EjoK6qz4adEvSzRLjHWikBqem0HmQ=w1127-h785-no","Evandro Teixeira","Coleção do artista","Série ""Vidas Secas""","Alagoas, 2008",,"Inkjet print. Pigmento mineral sobre papel","20 x 30 cm ",400,,,,"ok finalizado","Em exposição",,,,,,,,,,,,,,
"ok",,,150,"Exposta",72340014,,"Vidas Secas ","https://lh3.googleusercontent.com/0dhhwGdemhk482bezrASxZnrQde3PNShFXm0xnQEpYo=w1126-h785-no","Evandro Teixeira","Coleção do artista","Série ""Vidas Secas""","Alagoas, 2008",,"Inkjet print. Pigmento mineral sobre papel","20 x 30 cm ",400,,,,"ok finalizado","Em exposição",,,,,,,,,,,,,,
"ok",,,151,"Exposta","72350015_Vidas Secas",,"Vidas Secas ","https://lh3.googleusercontent.com/GPfm1oFMkh3VnN87LXSnIiVU4K1Vk508dK75gSX4Tu0=w1141-h786-no","Evandro Teixeira","Coleção do artista","Série ""Vidas Secas""","Alagoas, 2008",,"Inkjet print. Pigmento mineral sobre papel","20 x 30 cm ",400,,,,"ok finalizado","Em exposição",,,,,,,,,,,,,,
"ok",,,152,"Exposta",".04",,"Vidas Secas ","https://lh3.googleusercontent.com/jhXVKDlKbVOyDiNf0ylWM1-53ZVyiONTsFimlVHkPO8=w1185-h785-no","Evandro Teixeira","Coleção do artista","Série ""Vidas Secas""","Alagoas, 2008",,"Inkjet print. Pigmento mineral sobre papel","60 x 90 cm ",400,,,,"ok finalizado","Em exposição",,,,,,,,,,,,,,
"ok",,,153,"Exposta","img056",,"Vidas Secas ","https://lh3.googleusercontent.com/G9ITuu7smbmb7Tgd2UpQRttaetpmSGUAiOI85Dlt-wM=w1184-h785-no","Evandro Teixeira","Coleção do artista","Série ""Vidas Secas""","Alagoas, 2008",,"Inkjet print. Pigmento mineral sobre papel","20 x 30 cm ",400,,,,"ok finalizado","Em exposição",,,,,,,,,,,,,,
"ok",,,154,"Exposta",72350009,,"Vidas Secas ","https://lh3.googleusercontent.com/o7Y4XRlzjZ8knZwbRU7F4dnnP_u9QUqFCRGTSLqtg8s=w1178-h786-no","Evandro Teixeira","Coleção do artista","Série ""Vidas Secas""","Alagoas, 2008",,"Inkjet print. Pigmento mineral sobre papel","20 x 30 cm ",400,,,,"ok finalizado","Em exposição",,,,,,,,,,,,,,
,,,155,"Exposta",72350011,,"Vidas Secas ","https://lh3.googleusercontent.com/02EaXtfY3vlLFY4XVszFPb-olohWkyfWpQG1ZPH7Q04=w1178-h786-no","Evandro Teixeira","Coleção do artista","Série ""Vidas Secas""","Alagoas, 2008",,"Inkjet print. Pigmento mineral sobre papel","20 x 30 cm ",400,,,,"ok finalizado","Em exposição",,,,,,,,,,,,,,
"pendente",,,166,"Exposta","Scan-110530-0018a",,"Vidas Secas ","https://lh3.googleusercontent.com/-SUkcj4hEC5o/VfcuVEqaKMI/AAAAAAAACHI/V4YRivoOvsw/w506-h330/vidas%2Bsecas.jpg","Evandro Teixeira","Coleção MAR, Fundo Evandro Teixeira","Caminhada a procura de água, mulher e crianças,  da série ""Canudos 100 anos""","Canudos, Bahia, 1996",,"Fotografia / processo gelatina ","20 x 30 cm ",400,"MAR.2015.005260","Col. MAR - Fundo Evandro Teixeira",,"ok finalizado","Em exposição",,,,,,,,,,,,,,
,,,169,,,,,"https://lh3.googleusercontent.com/ZoFynV-NTERYgT1xE-B-uUfRNbATqsEizU39a8Xlal7CDT5skw1eikJEpgmniKRXPgqh9DHLlSHVg3QMbYiP_tzFb1FrDOT5PNSLbrQs0HWLOm4uFwGt09k7I5Uc83wwLi7R2RxJArVRqP6SCchr92eyQnz-QmExOYcx80Kzd0nUTZ81XP3sw9n-_iTCduihSyDhqVUD31AMoOBk8dYBgyjw9V_sd7iUgvGoU0RgzfLFl-8is7ydsqbP4XnEq4dnFa3UQGsoT25oS2tBdBhoDJI4zgcbPT9LiIcQFJ8RZCgrqUSkYF0wFZYgjPdilp9VLykG7gWa4yZACv89GbaUOXQVHsqU7EZ6KXZ3Rz9tLiKyhyYcHlD3UdgJI1GTGl77cE5tMgu25ehbWWlv6-8A0jEnvuIbTHqTx7tGcqea_EjdPMZrfJy982Zb9LODrgqOIPjAeboGnKeMRv23WhtQKJat0NhBxg0whZGYokrV3ZnOL3q2QObMSfR4JMddyfwA1D22q9WnZ1CbsUvFb6lsCCclVx8aWtK_eVmHxXYIssqK=w177-h257-no"")","Carlos Drummond de Andrade","Coleção Ruy Souza Silva","Claro Enigma, primeira edição",1951,,"Livro","22 x 15 cm ",1000,,,,,"Em exposição",,,,,,,,,,,,,,
,,,170,,,,,"https://lh3.googleusercontent.com/kFl6SqA_jH1_xS9ayP3lEEtkHbwHnaDhy39NX9-dFEbhd6YfZuI-0EFWkAlQ7L2G2HEMj99pl2qhZ2VOT69q5M0AmYwRTz5v-d5vQoJvEBzr4sdbYKfMxm-VlfKHhDxvCPeTClYSKE2Bl7lFKdkEV0KCEzwWtKhL4mSK0nj0L0Hapjytdmi52SuySjajmo3n3Dc-g542-7pI8Zptzcl7_E-UElHC6pLLNNf33-PH6ijYEn3Kbe6rZUE5PJfIHZRyZIx7tYUH4qNKtL6SjQ3ruiad1fE3E4tdMaBB-WXWFCXfjT6VNdcEu_g3QDGRYiYj4nqmdrMGk07VJ7GCIkadsIHJoJPo9oB-5MbqVfi40w72h303OtafMsivE55WnnAkhfHLjDqm0vGnSagh63HI7iPh8DKxZGVAEKp8qkB0TlpibGNMS45rcQPOyD2sKG-PyyCJ-VZyj49b8-DtVdeRSq9mQ9v_G5ATM-LJx_U32zcZYLlEcWVA6bi9_WqGW44lS0_tKhW9OEhL9KLKq7JxUyRhopIjainZbyT6itRZLxBV=w283-h450-no"")","Carlos Drummond de Andrade","Coleção Ruy Souza Silva","O sentimento do mundo, primeira edição",1940,,"Livro","19 x 16 cm",2000,,,,,"Em exposição",,,,,,,,,,,,,,
,,,171,,,,,"https://lh3.googleusercontent.com/uHlvP9ZjO9lY1rUHte-wJsvgRt9twmwvQwlm0nDQSRyYtRGQbOQHD6o7hxaF-vLVC4eN53vLlgd4gZjRlkE5HZKnC8HQNEIp64v3hlmFdstaWqJtwpDAukMk84_bzFtu_fpZV0J-G-sumTyZpmwfGsE71yNNYWW-u055ttVXJ_pVUW22Hk07HJ1LXZuqRhrYRYSxcHnlWy074-Ko3-LehNDWDaanWkFetzNWluOfsGFTGJaHfzBLzwnBzqUUE78ld4YuJE_SHbBQ25qqjK2-CuDhSAJCz_nTVJiXYb--ZVKR9WolLbnRU_Q5x1McLRHZm3LEye8G6PhxkGlKaB2ZL2srFF1HkOyfMUWM9AqwgkJo-1Jdb1Ot52I_sR6RPXrarV2MlcNx4guMWuIC2tLjAkb6VyNafuM1EylQNyhCC_1GW7zUj9WPH4IzBNxnxoFKqCPqnj_U8nNSB_FQoVk0E9cUG2ofvlAEao3-9DXFoPaBUgtJQgvv4Q93nh7GMcH-vmDeAutij5hiqyoT3kTelUyUI5cd7rvuRDWque6JD9iw=w178-h284-no"")","Carlos Drummond de Andrade","Coleção Ruy Souza Silva","A rosa do povo, primeira edição",1945,,"Livro","19 x 13 cm ",1000,,,,,"Em exposição",,,,,,,,,,,,,,
,,,172,,,,,"https://lh3.googleusercontent.com/FLTvW24Hf0vY2JFa6gN6Lisume16O06fkHSW9nG71-z8N5bEMuV-gszbNlLuKwu0Rdx4vKIrKAu1IHeM_ezngDy4YcR7m0B6jgk5ynRnq6aYgQqNljpQ_v95qnIlmygnidHh1Tj5JM-QriaQmv7LUGg1P4N7Cztme9YMd4mhMvqKbmO8tsV_gQaNTDrr6HXGWOhRwrDl69lGCHOOkosGXg53bYfkvwtwYVQISGPCvqvBhtRKQ9vcIAdX01fciP1fTribE61bKOCjiUMsNQnHHQwTOFyQZUAXEmK_dO71pAt8D8jHvrpWA1YCchQ3UZ7m0r4IL0P6vw5F5l6Ky9i36sW2maK844BcfGExYbKk5pSnpCG-6uqTMTox1Gze6LXF9l63lv7zDkb_P9yUpFySx80obpkGCbFoHGNFrA4OlBRrPuuuH2CWcsB6hroTX1AQvaqLd5kekZgMUc0zhqKplMWoazR5PiowyhLXMsJDfzNthloacTGdVPd2GkM7JmSZPoRwPOYGx9-oT78PUDqcpLzxttFy7cP3L79QuqD1yl7H=s758-no"")"," Graciliano Ramos","Coleção Ruy Souza Silva","Vidas Secas, primeira edição",1938,,"Livro","18,5 x 12,5 cm",2000,,,,,"Em exposição",,,,,,,,,,,,,,
,,,173,,,,,"https://lh3.googleusercontent.com/8hTvwar21KbwMyH8FtdFqbxZLFABQ6N1W1Wj2LPh4JWe3D-RkF8rB86aGNjvKju2i2IWf8FPrW1ifunAr5qu4cRzTOCeZg-m0GPYQ7xmBXrpxMOmHDRsANofuBsW0_jkwj7O_R4OeY7eGN4HVYsIemEM6a2XhuKPBV0Ld-b2Hja1UVxH7T3Q5I3hwhHh5yxZmEI5P593ac1qiUhkKWuUs0f2AE-Ko6pi_T8SeYE-zxbQNoYgaomEVl8E-TfyBSWl9ZaGswA1q0KvYiummc-O_-9j1fjvMA8KjlEOu9yf5iTPd82SasfQ1PJgDFq8WfEjVhqEdSriiDxWJxGSfu1sZwsWQAnlSjqElDZGeoQ070a-kPpuXA-7wnPdR-eaXQYfisGnu1P_AVW1SkhBlvJFluI83-dmBeSPzwXaxWvJRnmx_sBXe3kUwTDLsrJ4E4Tmk0xFH9CDWBps6k4yodI2VXsW-6O-Ljf2Kf-sQb8l36p7vx3yPyRdqxWQH61L3b7SDFROiUgX4wXxra-kTzvS9X3ninmjnf52W-fUq5LVGCR1=w204-h345-no"")"," Graciliano Ramos","Coleção Ruy Souza Silva","Memorias do cárcere, primeira edição",1953,,"Livro","4 volumes, 22,5 x 14,5 cm",1000,,,,,"Em exposição",,,,,,,,,,,,,,
,,,174,,,,,"https://lh3.googleusercontent.com/aYpEAlA5hqC8sOOY_sW4XD0cqOOAIQm8EIrGsTashqft7juTFJw3AYRRLBH9_LyUdfaRT4v1ecaTFESMZtmPn8WQOnvUENH7fo6Kq5dUkaKRpFppwoRHDoaaaL_08QsfoQm8tLJOWkkgmXBliA07DfH2KJaaZkWk_0OtIHvvWRjzSLn5djdMJYzqNEZeFnZyhuxq1yqoUefzsKcce6RDP4r9G2aZgHXH-HsRK-FXPKFGl7uhTHIcwcd_CMvyFSMF0tbmuCOWyMTljdB7KLLjZpYpDAPfowmdIq8-4aXFsrS7V9N2rkzidfvigwTfT1W8ex2wTzOc95_GjZijHF0lZJApMHANJ5JHd9iuEhV63iKBek64cuHn76koR-8ud0mmNLBfNpvGf1SyxPCTrh8m8k2d1ivyaw0WZ-VZSolB3cg0fHGVBiyV2vlpN80ZWJNM3RTOAD8xlgiw0Dbjs29s7bbseTCkQ2ltYYUsxk3BF4zj1ftbgmoY-Zve3Stk_9wq4AmmeROKPIWEF6X4szSfdZSwZZ2BLLSq1C8mwfh4jI_H=w190-h265-no"")","Antonio Callado","Coleção Ruy Souza Silva","Quarup, primeira edição",1967,,"Livro","22 x 15 cm",500,,,,,"Em exposição",,,,,,,,,,,,,,
,,,175,,,,,"https://lh3.googleusercontent.com/MVteCkMfcfkzr475cnqMErsk81moALFxqmRgBGdg2SIdSvIlx0Kaln6_08vbSlqeq2KLYGgywydlN6Ty9t-z2srAqRMWI5008ezdDdeB0ngQu00jG4x5s8G0M38iyoNP23mlZKrqLx59XOVuEFbR6U6BTU-ePEyZLLh7CH2-SFFPo7dw8byIvXP4NMgkPfqEw0ohdKVxV81bFR0eVKy1FTCQ25JgVi911gPK9IEB13lbiPG2NDEZeCtzXUNPg8vPRcqtasaJz2qGwoHBxqWc7aE7k3w4XxY9UJ3MMN4AZSZjVM-jsTP5dJhCPVufRDUqKAbP0Nqf2JALe7zdk7hvs2zKnVnJrwN7lDrh5Lg_et4ESGW03nl2RO-AoJMpN7legpk0VmbieQb26FyaVs3M6ALtTcnDa7rVOCdwHy86UiNkZFIg8yqdBlGgqTRUlR9-oIWwimR9qf3J5Qw2hXyS4yvol22lskowFnU5VDEM4PHx7_rYe3qXXNP6ILPij-3L5u0BV7J_X5MRWAbFOuXWKzW9JVXRLrgGs_9W1XfQKfis=w724-h659-no"")","Antonio Callado","Coleção Ruy Souza Silva","Assunção de Salviano, primeira edição",1954,,"Livro","22,5 x 14,5 cm",200,,,,,"Em exposição",,,,,,,,,,,,,,
,,,176,,,,,,"Euclides da Cunha","Coleção Ruy Souza Silva","Os Sertões, segunda edição",1903,,"Livro","24,5 x 18 cm",1000,,,,,,,,,,,,,,,,,,,
,,,177,,,,,"https://lh3.googleusercontent.com/yA7GJXcG_2wdLGIsbSUh6oN3pfXJ2fvd2z2896Hw-QKaGsOI9KHCLuFTsgCZtZITv2Mijp2Nkx3t-3n7SIsGHFP3u-dVLXjilomaXZkv_K0HbobaQgHidLIGecGI5avW8Jjd4HgGP2IwGqmxfxi7wXlHWk6YA8TEoGTTsLNnHZL0POhWi30UscfLO9RMmAGwDxeuSr_FBrLeIMtG5-CvTHw-sQEqDoxogWKPZO68KhpZ8roHGTH__ElA6Xy5rcaWEcPFcK5Bl0euVUuQhXKjGKZJMQuR8QMpvRSIZ8pWqkJEyn4xeJ9G9ANQcgX9pyUUIWWCVnq08Mivn2qUMyw9iA_BhvGV7j-YtyUpbw7s22eb3h2a1eIOcp-fXdB-hkdLpXlFk02s7asWw6GXswsZJx__iC_uCqBBYXN5TuOq6yccbPY1xbUWBWHLUWPRBBNmIj-i5nmfOLyYE4-N2lUv008kqbkq2uMbTtRwusUstHEEZ-ll6sTfiQvzB88neGidSK6DJaxIkYbW7oTkObJkqJVYz5TOW3dyTHMk_TceLjm_=w478-h785-no"")","Euclides da Cunha","Coleção Ruy Souza Silva","Los Sertones",1942,,"Livro","20 x 15 cm",300,,,,,"Em exposição",,,,,,,,,,,,,,
,,,178,,,,,"https://lh3.googleusercontent.com/MVteCkMfcfkzr475cnqMErsk81moALFxqmRgBGdg2SIdSvIlx0Kaln6_08vbSlqeq2KLYGgywydlN6Ty9t-z2srAqRMWI5008ezdDdeB0ngQu00jG4x5s8G0M38iyoNP23mlZKrqLx59XOVuEFbR6U6BTU-ePEyZLLh7CH2-SFFPo7dw8byIvXP4NMgkPfqEw0ohdKVxV81bFR0eVKy1FTCQ25JgVi911gPK9IEB13lbiPG2NDEZeCtzXUNPg8vPRcqtasaJz2qGwoHBxqWc7aE7k3w4XxY9UJ3MMN4AZSZjVM-jsTP5dJhCPVufRDUqKAbP0Nqf2JALe7zdk7hvs2zKnVnJrwN7lDrh5Lg_et4ESGW03nl2RO-AoJMpN7legpk0VmbieQb26FyaVs3M6ALtTcnDa7rVOCdwHy86UiNkZFIg8yqdBlGgqTRUlR9-oIWwimR9qf3J5Qw2hXyS4yvol22lskowFnU5VDEM4PHx7_rYe3qXXNP6ILPij-3L5u0BV7J_X5MRWAbFOuXWKzW9JVXRLrgGs_9W1XfQKfis=w724-h659-no"")","Euclides da Cunha","Coleção Ruy Souza Silva","Rebellion on the Backlands",1944,,"Livro","23,5 x 16 cm",300,,,,,"Em exposição",,,,,,,,,,,,,,
,,,179,,,,,"sem imagem ","Graciliano Ramos","Coleção Ruy Souza Silva","Vidas Secas, facsimile",1938,,"Livro","18,5 x 12,5 cm",100,,,,,"Em exposição",,,,,,,,,,,,,,
,,,180,,,,,"https://lh3.googleusercontent.com/5501tmYEPof7adZtq7knDs7kVpJmgNcNMIuhDXUtSs4iWDJjPTwiVRdBeDXtuD7yPSorTWp6IFNHBOg8FTL-4UpQyNdwSILRACswo2b5Z1CPdTNvRg34a1iUv0ugE6udzRfDfwfpOSglRIPAy-gM_xW6FepfgVZEP7ET8p1CxB0gJ2CyfBi5eetKeJeSAE2Fsy00cm6nSdN7R3RHJXC10LtFtR3QV8T2NthJY0tg3zswvOU_afgMXq2N5tv85ZQlpagOFPvvlcrR8TBG4VFodaqVgbsVKeXiAJq7MHkxtPeJ0KsPrJvRrP5v4TF9OVZxDnrZ43Ud_ZET7ZPBQDQ2UWUQFVjQOINTBd3PKcQl94GKcfyG41uS9fzkj_FqWUtEPafBmUfp-BrKAzABc3fMBbyOdoY-J_SGjVQ0FesPHIrdcCgaxrOops7LnXiXhJnkxcv5VUHH6jTXfMuSKAONMmtBAsiCPdF-0WtbKlpH-R7MpL80DcbvulVvmAFmuoN766y63tETZFbp6ZQoYc_3PTrz-KlLLvo-hbKiSjHPSzXZ=w318-h448-no"")","Diversos autores","Coleção do artista","Futebol - A paixão do Brasil",2009,,"Livro",,300,,,,,"Em exposição",,,,,,,,,,,,,,
,,,181,,,,,,"Evandro Teixeira e Nei Leandro de Castro","Coleção do artista","O livro das águas",2001,,"Livro",,,,,,,,,,,,,,,,,,,,,
,,,182,,,,,"https://lh3.googleusercontent.com/5h8cW88K3M2WqX6UFkvdOPr8zzFKHjkcMByraIDNJ3sihO0cbDrQ-87TIY9mdnPJhubRhnRW5sv23pVgwXwvmfr15UEPf5XsmqkQKK57GIwQmdDRNM_TbEoYjFs_qqedrM27ZvYltwT_M8cgCNqarI-Qq3VhGdfuUkYT_LKXj6ePKPXEMO6UXxbbT2VhrRHKp4kClndEsDZ490SF86LF7gOEcBk-3HlJc2HF9C6X1VcNIXQQh_uv-YBqcymY6p5Ftl66eG8C3zN-SzeajPh1VP53eJm_rpvzgXwvopfnbXfarxwxNUazfU57BWPTHjpbahNK6gROEGmNnL_70C5tuwbTKOcg2XFu2uOWoz9buhaSxrQlczUWvEmu6HlRHVZdSt6kCYU0-D68rPD4CNDNHTQ-MwUAuv3HL8UPQMKdDelVPfwXCsJlk5X9DX4i678IAwQJqS1JqPPJMI4BVTVGBcdmk6rN1qEGKG4NkAluCavhTHnjSSPOwozw2TKcYGdWUS1X4D09aWlGn3mzus-kdZiw0JiYxkl_1CI5kJCVviEn=w300-h314-no"")","Diversos autores","Coleção do artista","Torcedor",2008,,"Livro",,300,,,,,"Em exposição",,,,,,,,,,,,,,
,,,183,,,,,,"Diversos autores","Coleção do artista","Fotografias JB",2000,,"Livro",,,,,,,,,,,,,,,,,,,,,
,,,184,,,,,"https://lh3.googleusercontent.com/oyxQKZSvwoITD-bmqrh2wrZ2ty9MyEboyZJ1kq6Xp6w7Qr6I7URwS2EqmLx73Yb4hhocpTMnSOap3iYNeLReCfLex8BwXZE07Hb6ZocSDg2J3QN0yMXjbYQBuBfO_S0uDCxpqtlueESCwUIpg2ZLx_jTyV2IIoRQf4gMCjfbEy_mStxdrfT1Ida9LTQoZ6PM2rq3KzUMspVlQofVyzIF8WOUN3T2G4zxtVkeHUcXIw0qYSX1_Db-wFnqX1-0iC9d15Jc_buVlMIWqW_y2w58B2ZjZir1wv0VRD5S0YT5vVcxHo-GMDvg6eGvtOcjD0LDvOEpzU0R8u_O_C5xThP-9RvU6I4pPMwwWl15T-YOxsYM9Zy5rmKlqvBBpq6KGKOV5Ve4fzEpbWs_V80AZB2cqkSd0tjRfwhwzswbVzQE86mMAt36zvvtTXVEWYNUsi6DkzdLtWjhYUGJqYp-rT8pvqmB83OWWjMLVQ7th3nkU0g3zr2-VP9kzwOXydgeZkxnqaifkB9D5cV6_CCjP5-bupye6deeC_qAfSZPUP9gKMAS=w554-h478-no","Evandro Teixeira","Coleção do artista","Evandro Teixeira: fotojornalismo",1988,,"Livro",,300,,,,,"Em exposição",,,,,,,,,,,,,,
,,,185,,,,,,"Evandro Teixeira","Coleção do artista","Caminhos de transformação, 35 anos de fotografias de Evandro Teixeira",2010,,"Livro",,,,,,,,,,,,,,,,,,,,,
,,,186,,,,,"https://lh3.googleusercontent.com/ZkLKKTjoMPxGRzeZ2m6jtG_bliobkPXPpkSmPW5dFqsiY1V4geEdKGc0uYKdNxMv-3cfPOdzZIImo6w9tQTWYP7UoY8IpIPtMFTdEOZ06SgpOYhV46yK_P8JkGraNdlyEoJPvU47Blqq-BSjaLMX6Z4Kfq8-zkxZUSIeKEtmVUE69bfPLuLEsbCn6cZ4WUmMo-P09TsfVPzYzYaTOwAFt8J2fje6u8vGBol22xeDj0PIvwxnf9kIAF4nhGD15OuHxJ-j2bOGuqBPhgnwoYcM6l66DhTdIfAd3YGgsYoBOvPmqwQvJFFFXrnOlGgOg4X7voZnvQ1HUHGD--WnmGr4kVlZxclI1rNIqxRISrKOtMB9IV3lOdvKeKx-HD3VSjX0Uli3B2jcVLPF4s-47HAm3l-h2nTSuIMI71A9WxZDqqIjBjtTO3oGHtQIkUn4BHj4ptMIzCSMxV4ZQmyY897TM8Nvq_E10n6z0RFEcRQ_I2RrC_EWknUBhIzc5FXAv6WuUkPKPIqWXYLEt095lqoFIQzcqQRPEAYAr6QCBSi9LdR-=w200-h256-no"")","Oswaldo Munteal e Larissa Grandi","Coleção do artista","A Imprensa na História do Brasil - Fotojornalismo no Século XX",2005,,"Livro",,300,,,,,"Em exposição",,,,,,,,,,,,,,
,,,187,,,,,"sem imagem ",,"Coleção do artista","A fotografia de Evandro Teixeira",2000,,"Catálogo de exposição",,300,,,,,"Em exposição",,,,,,,,,,,,,,
,,,188,,,,,"https://lh3.googleusercontent.com/OMR2Yhk1Js_eWYQH_C05-tvc9OqAZP5Xmgjme2978EfaLk0SjmLJmrKEMf1LmwByKUFVZZqO8z2td4Vz24CQFMBIT8kjzXk7sxVdghaDpQQguOvNvKDGggRFl9VVL-u76t-ZLzdpdu3YHM34jkgso9auHXdrS5rZj1HooY7ZW6eAn2vKfJOAs8S_a7z3QQv1SfMADxoMZSxXp_nUtPIpF7KON05toZXINW4R6h-L1u9MXRiVYslKv6z1vK9H0PU_QGopATaq7rF12PL-gGCXUTwNWoCBmLFk8JJzQ2CsUW4001xHNKxurE2HZPT8VHUG1MOevnW0ZlC_wPxhMYNx0rYr0EBRj5BfsXcPXm2ToW0aeo4Yn87Jy8Z1oVZRlhEGt4F-SirRGyXXidig7wic_OhJCs85HLzYCmc2f5D-OEdpO43Uu8vq_SahypqfTBItWkqd8cnijiAbu7nZVgus6i92xFpbjbSa_wbkhMBBC13NCpvlzwtv9ZyJCZrl6eWFSBzEMzRs3eH4R7CQtPY1U-4buJvmvnn3OY963WVW9mJr=w200-h278-no","Evandro Teixeira","Coleção do artista","Vou Viver: Tributo ao Poeta Pablo Neruda",2004,,"Livro",,300,,,,,"Em exposição",,,,,,,,,,,,,,
,,,189,,,,,,"Michèle Auer","Coleção do artista","Encyclopédie internationale des photographes de 1839 à nos jours",1985,,"Livro",,,,,,,,,,,,,,,,,,,,,
,,,190,,,,,,"Boris Kossoy","Coleção do artista","Um olhar sobre o Brasil - A fotografia na construção da imagem e de nação (1833-2003)",2012,,"Livro",,,,,,,,,,,,,,,,,,,,,
,,,191,,,,,,"Maria Beatriz Coelho","Coleção do artista","Imagens da nação",2012,,"Livro",,,,,,,,,,,,,,,,,,,,,
,,,192,,,,,"https://lh3.googleusercontent.com/8BX3qSCLiRXAHqBjXf4i0uKQ4C_p4J2kmjqgmtMczs_hr8KqA8NEQac0YTPUpTsKzxdkUqcbcS54GCY0bMlKpbue8rLhDzfPMChYFrLt6f4iioF_Py4jENOp-yQGNmdu5YsbKLbs6-cAF9d1Cidhh4liPZfSh3ErXfmSRL31Cgr89-nzs3U-e-veeu76bwy1M-z3pxvkbqtMp-hF7QsI-wrVST2hHZyE5AgPcBlP7YIoEJJ4PhTROZxvj5yUv7sm-VW3GGXL8cipXGyIz43fl8l1G9wzzQjPmHVSTeKEpnQuhEL6leVMmjci8DqkOjaFCL2_saUKx6GMXw8YOrtKKg1lJzcOli4ZYBkyAnth4CyP91qVhkLBEhhEjBVqQcRwbykwMDfZBn0_0VJXtTLgkmRLTb2gEW0jXPcuPf6stW8a2VMfEPmRDzJML60DzNjkWRpGuEdQTMq6EcdAwA73zr6dHsAZ3uV7CQs7KoR8vLbmwqDCZuM4U5n00H3DAZtvZ7M0vFMpR1Ckt3mr8bnElLIyt4x8ekddd6y9EYGbybGd=w247-h204-no"")","Graciliano Ramos","Coleção do artista","Vidas Secas - 70 anos",2008,,"Livro",,300,,,,,"Em exposição",,,,,,,,,,,,,,
,,,193,,,,,,"Erika Billeter","Coleção do artista","Canto a la realidad: fotografia latino-americana - 1860-1993",1993,,"Livro",,,,,,,,,,,,,,,,,,,,,
,,,194,,,,,"https://lh3.googleusercontent.com/TseyqPJntlFjvKe8zeu3Fw9uHYWLY9iYzaa4vFqoMw9cc-hqFRmXn1oMOT23_kFxk9K-1F2dXHsHuI19Q-3K8sIaKHi4JVDQW75ns0fFbiqh-o4BH0Ld5FG-hN84dvmzIyxcy1Xwc-qGYJLStphF6jY1xYwSOOpPzHVslSqDZJ3oaeI9SawXWWZcGoE4uEZOHBsMlRTLWHPcwjLeLOBei6cjtaX6gXke2CpE_02ZK7Me__IKGX_J56VHTp-Pedce8dmHAQ5qS_NnOAXsBxr1S9CGbnxfqrKeMcuVSf9-H9yd0Fe4kIefiDAt_dCkL23rwq_GyWoIiRyWW6-3KGBqU_1FJq0oHi92LljkdosTWe3hiGHO_poUfNUbreccN0w90v-7X58-kd0QtrhPNVhDOlOQ1gJ0NJfgx5cCDCOQ4DISOPZOg3VekjFv_nbkRdpSt8Meig2gkU6IpgM6cw6enBrinw-CKzGzkGbWwhd-eccXRwW0sv6KNehlAPoYxoR_0ablX3KuYQ_2vbWpfaU1EodFZtgOPKlN2f6nT0F-VpSJ=w360-h500-no","Evandro Teixeira","Coleção do artista","1968 Destinos 2008 - Passeata dos Cem Mil",2008,,"Livro",,300,,,,,"Em exposição",,,,,,,,,,,,,,
,,,195,,,,,"https://lh3.googleusercontent.com/LSlPpKoLp75pWIjOsD84V2LNwNWD5XUvDQMwxBcBHLW_IqqLRNtq5m3Y5n_2HrdkD537SIQORuyM_VfU-tegTD0ezBYR-fbujv_nMVVxVQa18IQCBTapup8pJlC_9w_NW3-2bCNLtgiEF98na7N98ffAx4KafGUAqM8hxg_3NVNHCBf07zf5TuCz5pB6Cxj-HouQxZzAZJBvfiRIhECIJwTVYog9U4tlWcarMCTMoi1coYv8o0qkiLCLze0EkwZhlaXgXdpsAATve6bo56zpII-lxkLJoz04QMr9Dkz15H1NQAxWP10OTQCkuTlrVsy54ITkRk7flMRqxbnSZnbqJkegT6qznKcvyWTJhXvyz2xU8L0J0aZ2CPdKwVcWmLiCdC1jlLKfbwZXVh2TiAnAGdwag7eh1ryo3ydrQsrnjr1LopFCJdamtEWle3DazHEQU9mkhdJM1TFT54NXnU1KQiJhIaQ1V5v4_p2Ho6TcG6GDN7nmcSI9G33K3roD4xu7p1jPAOYJYT1kVNsCMB05bWbFR1nSPuFJJYo-i60k0tJl=w191-h264-no"")","Adir Botelho","Coleção MAR","Barbárie e espanto em Canudos: xilogravuras & desenhos - coleção Museu Nacional de belas Artes ",2012,,"Catálogo de exposição",,,"B748b  2012 Coleção Bibliográfica",,,,"Em exposição",,,,,,,,,,,,,,
,,,196,,,,,,"Adir Botelho","Coleção MAR","Adir Botelho: xilogravuras",2012,,"Catálogo de exposição",,,"B748a  2012 Coleção Bibliográfica",,,,,,,,,,,,,,,,,,
